     1                                  [map all ./Listings/edlin.map]
     2                                  [DEFAULT REL]
     3                                  BITS 64
     4                                  ;EDLIN, an absolute last resort file editor.
     5                                  ;
     6                                  ;                       !!DONT FORGET!!
     7                                  ;       Each line is terminated first with 0Dh then 0Ah (CR,LF)
     8                                  ;                       !!DONT FORGET!!
     9                                  ;
    10                                  
    11                                  ;Edlin will always produce a backup file and refuses to open files 
    12                                  ; with .BAK extension (backup files)
    13                                  
    14                                  ;Edlin will always terminate a file with a single EOF character
    15                                  
    16                                  ;Edlin will erase the previous backup if one exists, ensuring there
    17                                  ; is enough free space for a new copy of the backup.
    18                                  ;It then creates a new file with the filename with a $$$ extension.
    19                                  ;All edits occur in memory and are flushed to it. We then rename it
    20                                  ; to the desired filename.
    21                                  ;BAK files cannot be opened.
    22                                  ;
    23                                  ;Empty lines are default just a CR,LF pair
    24                                  
    25                                  ;Edlin has two modes of operation: Command and Edit
    26                                  
    27                                  %include "./Include/dosMacro.mac"
     1                              <1> 
     2                              <1> ;-------------------------------------------------------------------------------
     3                              <1> ;Generic Macros file
     4                              <1> ;The following instruction extensions allow to conditionally return
     5                              <1> ;The idea was borrowed from the DOS Source Code
     6                              <1> ;
     7                              <1> ;-------------------------------------------------------------------------------
     8                              <1> 
     9                              <1> ;-------------------------------------------------------------------------------
    10                              <1> ;These macros are live and must not be touched
    11                              <1> ;-------------------------------------------------------------------------------
    12                              <1> %macro return 0
    13                              <1> %%_ret:
    14                              <1>     ret
    15                              <1> %assign retOff %%_ret-$$  ;Get offset into segment of %%_ret
    16                              <1> %endmacro
    17                              <1> 
    18                              <1> %macro cret 1
    19                              <1> %%_base:
    20                              <1> %assign baseVar %%_base-$$ ;Get offset into segment of %%_base
    21                              <1>     %ifdef retOff
    22                              <1>     %if (baseVar - retOff <= 126) && (baseVar > retOff)
    23                              <1>     %ifdef currSegVBase
    24                              <1>     j%+1 short (retOff+currSegVBase)
    25                              <1>     %else
    26                              <1>     j%+1 short retOff
    27                              <1>     %endif  ;End ifdef currSegVBase
    28                              <1>     %else 
    29                              <1>     j%-1 short %%a
    30                              <1>     return
    31                              <1> %%a:
    32                              <1>     %endif  ;End the distance measurement if
    33                              <1>     %else   
    34                              <1>     j%-1 short %%a
    35                              <1>     return
    36                              <1> %%a:
    37                              <1>     %endif  ;End ifdef retoff
    38                              <1> %endmacro
    39                              <1> 
    40                              <1> %macro retz 0
    41                              <1> cret z
    42                              <1> %endmacro
    43                              <1> 
    44                              <1> %macro retnz 0
    45                              <1> cret nz
    46                              <1> %endmacro
    47                              <1> 
    48                              <1> %macro rete 0
    49                              <1> cret e
    50                              <1> %endmacro
    51                              <1> 
    52                              <1> %macro retne 0
    53                              <1> cret ne
    54                              <1> %endmacro
    55                              <1> 
    56                              <1> %macro retc 0
    57                              <1> cret c
    58                              <1> %endmacro
    59                              <1> 
    60                              <1> %macro retnc 0
    61                              <1> cret nc
    62                              <1> %endmacro
    63                              <1> 
    64                              <1> %macro retb 0
    65                              <1> cret b
    66                              <1> %endmacro
    67                              <1> 
    68                              <1> %macro retnb 0
    69                              <1> cret nb
    70                              <1> %endmacro
    71                              <1> 
    72                              <1> %macro reta 0
    73                              <1> cret a
    74                              <1> %endmacro
    75                              <1> 
    76                              <1> %macro retna 0
    77                              <1> cret na
    78                              <1> %endmacro
    79                              <1> 
    80                              <1> %macro retbe 0
    81                              <1> cret be
    82                              <1> %endmacro
    83                              <1> 
    84                              <1> %macro retae 0
    85                              <1> cret ae
    86                              <1> %endmacro
    87                              <1> 
    88                              <1> %macro breakpoint 0
    89                              <1> xchg bx, bx
    90                              <1> %endmacro
    91                              <1> 
    92                              <1> ;A macro for returning to dos
    93                              <1> %macro retToDOS 1
    94                              <1>     mov eax, 04C00h | %1
    95                              <1>     int 21h
    96                              <1> %endmacro
    28                                  %include "./Include/dosError.inc"
     1                              <1> ;DOS Error codes
     2                              <1> 
     3                              <1> ;Extended Error Codes
     4                              <1> errInvFnc   equ 1   ;Invalid function number
     5                              <1> errFnf      equ 2   ;File not found
     6                              <1> errPnf      equ 3   ;Path not found
     7                              <1> errNhl      equ 4   ;Too many open handles, no handles left
     8                              <1> errAccDen   equ 5   ;Access denied (to resource)
     9                              <1> errBadHdl   equ 6   ;Invalid handle
    10                              <1> errMCBbad   equ 7   ;MCB's destroyed
    11                              <1> errNoMem    equ 8   ;Insufficient memory
    12                              <1> errMemAddr  equ 9   ;Invalid Memory Block Address
    13                              <1> errBadEnv   equ 10  ;Invalid environment
    14                              <1> errBadFmt   equ 11  ;Invalid format (path etc)
    15                              <1> errAccCde   equ 12  ;Invalid Access Code    ?
    16                              <1> errInvDat   equ 13  ;Invalid data
    17                              <1> ;           equ 14  ;Reserved
    18                              <1> errBadDrv   equ 15  ;Invalid drive specified
    19                              <1> errDelCD    equ 16  ;Attempt to delete the current directory
    20                              <1> errDevUnk   equ 17  ;Not the same device (Device Unknown)
    21                              <1> errNoFil    equ 18  ;No more files, no match found
    22                              <1> ;The following are Driver error codes + 19
    23                              <1> drvErrShft  equ 19  ;Used to shift Driver error codes to extended error codes
    24                              <1> errWpd      equ 19  ;Attempt to write on write protected disk
    25                              <1> errUnkUnt   equ 20  ;Unknown Unit
    26                              <1> errDrvNR    equ 21  ;Drive not ready
    27                              <1> errUnkCmd   equ 22  ;Unknown Command
    28                              <1> errCRCerr   equ 23  ;Data (CRC) error
    29                              <1> errBadRLn   equ 24  ;Bad request structure length
    30                              <1> errSekErr   equ 25  ;Seek error
    31                              <1> errUnkMed   equ 26  ;Unknown media type
    32                              <1> errSecNF    equ 27  ;Sector not Found
    33                              <1> errNoPap    equ 28  ;Printer out of paper
    34                              <1> errWF       equ 29  ;Write fault
    35                              <1> errRF       equ 30  ;Read fault
    36                              <1> errGF       equ 31  ;General fault
    37                              <1> ;----------------------------------------------
    38                              <1> ;The following two go inbetween the Disk errors
    39                              <1> errShrVio   equ 32  ;Sharing violations
    40                              <1> errLokVio   equ 33  ;File Lock violation
    41                              <1> ;----------------------------------------------
    42                              <1> errIDC      equ 34  ;Driver code, Invalid Disk Change
    43                              <1> errNoFCB    equ 35  ;FCB unavailable
    44                              <1> errShrFul   equ 36  ;Sharing buffer full
    45                              <1> 
    46                              <1> errNoNet    equ 50  ;Network request not supported, generic net fail
    47                              <1> 
    48                              <1> errFilExist equ 80  ;File already exists
    49                              <1> errDirExist equ 82  ;Directory already exists
    50                              <1> errFI44     equ 83  ;Fail on Int 24h
    51                              <1> errRedir    equ 84  ;Too many levels of redirection
    52                              <1> errDupRedir equ 85  ;Trying to redirect a redirection
    53                              <1> errBadPass  equ 86  ;Bad password
    54                              <1> errBadParam equ 87  ;Bad parameter passed to request
    55                              <1> errNetWrite equ 88  ;Network Write Fault
    56                              <1> ;-----------------------------------------------------------------------------
    57                              <1> ;Error Loci
    58                              <1> eLocUnk     equ 1   ;Unknown locus, nonspecific or not appropriate
    59                              <1> eLocDsk     equ 2   ;Disk, related to Random Access to a disk or block device
    60                              <1> eLocNet     equ 3   ;Network related issues, shouldnt affect us (yet!)
    61                              <1> eLocChr     equ 4   ;Serial/Character Device error
    62                              <1> eLocMem     equ 5   ;Related to RAM
    63                              <1> ;-----------------------------------------------------------------------------
    64                              <1> ;Error Actions
    65                              <1> eActRet     equ 1   ;Retry
    66                              <1> eActDRet    equ 2   ;Delay then retry (Try again later)
    67                              <1> eActUsr     equ 3   ;Ask user to re-input data, i.e. bad filename or something
    68                              <1> eActAbt     equ 4   ;Abort with cleanup
    69                              <1> eActKil     equ 5   ;Abort without cleanup
    70                              <1> eActIgn     equ 6   ;Ignore error
    71                              <1> eActRetUsr  equ 7   ;Retry after user intervention (i.e swap remdev)
    72                              <1> ;-----------------------------------------------------------------------------
    73                              <1> ;Error classes
    74                              <1> eClsOoR     equ 1   ;Out of resources, no mem or handles
    75                              <1> eClsTS      equ 2   ;Temp sitch, should go away
    76                              <1> eClsAuth    equ 3   ;Authorisation, e.g. file permission error 
    77                              <1> eClsInt     equ 4   ;Internal DOS error or bug
    78                              <1> eClsHrdFlt  equ 5   ;Hardware Failure
    79                              <1> eClsSysFlt  equ 6   ;System Failure, i.e. missing or bad cfg files
    80                              <1> eClsAppFlt  equ 7   ;Application Program error, inconsistent requests etc...
    81                              <1> eClsNotFnd  equ 8   ;Resource not found (such as free SFT entry etc...)
    82                              <1> eClsBadFmt  equ 9   ;Bad format for resource
    83                              <1> eClsLocked  equ 10  ;Resource Locked
    84                              <1> eClsMedia   equ 11  ;Error is on medium, i.e. wrong or damaged remdev
    85                              <1> eClsClash   equ 12  ;Resource already exists!
    86                              <1> eClsUnk     equ 13  ;Unknown class
    29                                  %include "./Include/edError.inc"
     1                              <1> ;Edlin specific errors
     2                              <1> 
     3                              <1> errOk       equ 0
     4                              <1> errBadRen   equ 1   ;Couldn't rename files.
     5                              <1> errDskFull  equ 2   ;Disk full.
     6                              <1> errBadRead  equ 3   ;Couldn't move file pointer or read file in append
     7                              <1> errBadBak   equ 4   ;Couldn't delete backup file
     8                              <1> errCharDev  equ 5   ;Tried to open a character device for editing!!
    30                                  %include "./Include/edStruc.inc"
     1                              <1> ;edlin structures
     2                              <1> lineLen     equ 253
     3                              <1> halflineLen equ 128
     4                              <1> maxLine     equ 65529
     5                              <1> maxAlloc    equ maxLine*lineLen
     6                              <1> maxParas    equ (maxAlloc >> 4) + 1
     7                              <1> 
     8                              <1> prompt      equ "*"
     9                              <1> 
    10                              <1> ;Bona-Fida Structures
    11                              <1> 
    12                              <1> struc line
    13 00000000 ??                  <1>     .bBufLen    db ?    ;Buffer size (255)
    14 00000001 ??                  <1>     .bStrLen    db ?    ;Length of the string entered in buffer
    15 00000002 <res FDh>           <1>     .pString    db lineLen dup (?)      ;Actual string itself
    16                              <1> endstruc
    17                              <1> 
    18                              <1> struc halfLine
    19 00000000 ??                  <1>     .bBufLen    db ?    ;Buffer size (130)
    20 00000001 ??                  <1>     .bStrLen    db ?    ;Length of the string entered in buffer
    21 00000002 <res 80h>           <1>     .pString    db halflineLen dup (?)   ;Actual string itself
    22                              <1> endstruc
    23                              <1> 
    24                              <1> struc filename
    25                              <1> ;8.3 File name struct
    26 00000000 ????????????????    <1>     .fName  resb 8
    27 00000008 ??????              <1>     .fExt   resb 3
    28                              <1> endstruc
    31                                  %include "./Include/dosStruc.inc"
     1                              <1> ;Structures and equates coming from DOS
     2                              <1> 
     3                              <1> ;MISC ASCII control chars
     4                              <1> NUL equ 00h ;^@         | ASCII Null
     5                              <1> ETX equ 03h ;^C         | ASCII Break (End of Text)
     6                              <1> ACK equ 06h ;^F         | ASCII Acknowledgement
     7                              <1> BEL equ 07h ;^G         | ASCII Bell
     8                              <1> BSP equ 08h ;^H         | ASCII Backspace
     9                              <1> TAB equ 09h ;^I         | ASCII Horizontal Tab
    10                              <1> LF  equ 0Ah ;^J         | ASCII Line Feed
    11                              <1> CR  equ 0Dh ;^M         | ASCII Carriage Return
    12                              <1> DLE equ 10h ;^P         | ASCII Data Link End (Toggle Print Echo)
    13                              <1> DC3 equ 13h ;^S         | ASCII Device Control 3 (Toggle Scroll Lock)
    14                              <1> DC4 equ 14h ;^T         | ASCII Device Control 4
    15                              <1> NAK equ 15h ;^U         | ASCII Negative Acknowledgement
    16                              <1> CMD equ 16h ;^V         | EDLIN COMMAND CHAR
    17                              <1> ETB equ 17h ;^W         | ASCII End of Transmission Block
    18                              <1> EOF equ 1Ah ;^Z         | ASCII Substitute character (End of File)
    19                              <1> ESC equ 1Bh ;           | ASCII Escape char, used for ANSI.SYS
    20                              <1> SPC equ 20h ;Printable  | ASCII Space
    21                              <1> ;This last one is NEVER printed with a caret as it is a console control char
    22                              <1> DEL equ 7Fh ;^?         | ASCII Rubout (Del char and dec cursor)
    23                              <1> 
    24                              <1> CRLF equ 0A0Dh
    25                              <1> 
    26                              <1> asciiCaret  equ 20h ;Used to check which chars need to be printed with caret
    27                              <1> asciiMask   equ asciiCaret - 1  ;Turn into a bitmask
    28                              <1> 
    29                              <1> ;Extended Ascii Codes
    30                              <1> eF1     equ 3Bh ;F1 second byte
    31                              <1> eF2     equ 3Ch ;F2 second byte
    32                              <1> eF3     equ 3Dh ;F3 second byte
    33                              <1> eF4     equ 3Eh ;F4 second byte
    34                              <1> eF5     equ 3Fh ;F5 second byte
    35                              <1> eF6     equ 40h ;F6 second byte
    36                              <1> eF7     equ 41h ;F7 second byte
    37                              <1> eCursL  equ 4Bh ;Cursor Left second byte
    38                              <1> eCursR  equ 4Dh ;Cursor Right second byte
    39                              <1> eIns    equ 52h ;Insert second byte
    40                              <1> eDel    equ 53h ;DEL second byte (not necessarily delete key)
    41                              <1> 
    42                              <1> ;Directory attribute equates
    43                              <1>     dirReadOnly     equ 01h
    44                              <1>     dirHidden       equ 02h
    45                              <1>     dirSystem       equ 04h
    46                              <1>     dirVolumeID     equ 08h
    47                              <1>     dirDirectory    equ 10h
    48                              <1>     dirArchive      equ 20h
    49                              <1>     dirCharDev      equ 40h ;Never written to disk, used to represent a Char Dev
    50                              <1>     dirLongName     equ dirReadOnly | dirHidden | dirSystem | dirVolumeID
    51                              <1>     ;If any of the three bits are set, then ALL three bits are set
    52                              <1>     ; in addition to whatever the user passed to search for.
    53                              <1>     dirInclusive    equ dirHidden | dirSystem | dirDirectory
    54                              <1>     dirIncFiles     equ dirHidden | dirSystem
    55                              <1> 
    56                              <1> struc cmdArgs   ;Ptr returned in rdx after 41h/6101h has this structure
    57 00000000 <res 10h>           <1>     .fcb1       db 16 dup (?)  ;First FCB,    argument 1
    58 00000010 <res 14h>           <1>     .fcb2       db 20 dup (?)  ;Second FCB,   argument 2
    59                              <1>     .dta:   ;Pointer to the default DTA in the
    60 00000024 ??                  <1>     .parmList   db ?   ;Number of characters in command tail
    61 00000025 <res 7Fh>           <1>     .progTail   db 127 dup (?) ;Default DTA/Program tail
    62                              <1> endstruc
    63                              <1> 
    64                              <1> struc ffBlock   ;The structure of the Find First structure at the DTA
    65 00000000 ??                  <1>     .driveNum   resb 1  ;Drive we are searching on
    66 00000001 <res Bh>            <1>     .template   resb 11 ;Search template (? meaning anything)
    67 0000000C ??                  <1>     .attrib     resb 1  ;Search attribute
    68 0000000D ????????            <1>     .dirOffset  resd 1  ;32 byte entry within dir cluster
    69 00000011 ????????            <1>     .parDirClus resd 1  ;Parent Directory Cluster number
    70 00000015 ??                  <1>     .attribFnd  resb 1  ;Attrib of file found
    71 00000016 ????                <1>     .fileTime   resw 1  ;File time
    72 00000018 ????                <1>     .fileDate   resw 1  ;File date
    73 0000001A ????????            <1>     .fileSize   resd 1  ;Number of bytes
    74 0000001E <res Dh>            <1>     .asciizName resb 13 ;ASCIIZ name with dot and terminating nul
    75                              <1> endstruc
    76                              <1> 
    77                              <1> ;Open Mode equates
    78                              <1> ;Access modes   Bits[2:0]
    79                              <1> ReadAccess      equ 0h
    80                              <1> WriteAccess     equ 1h
    81                              <1> RWAccess        equ 2h
    82                              <1> ;Bit 3 reserved 0
    83                              <1> ;Sharing modes  Bits[6:4]
    84                              <1> CompatShare     equ 0h
    85                              <1> denyRWShare     equ 10h
    86                              <1> denyWriteShare  equ 20h
    87                              <1> denyReadShare   equ 30h
    88                              <1> denyNoneShare   equ 40h
    89                              <1> netFCBShare     equ 70h
    90                              <1> noInherit       equ 80h
    32                                  Segment .text align=1 
    33                                  progHeadPtr:      ;DO NOT TOUCH THIS POINTER. ALL TABLES ARE REL THIS PTR.
    34                                  %include "./Source/edmain.asm"
     1                              <1> ;Contains the program loader
     2                              <1> start:
     3 00000000 EB01                <1>     jmp short .cVersion
     4 00000002 01                  <1> .vNum:          db 1    ;Main version number, patchable
     5                              <1> .cVersion:
     6 00000003 FC                  <1>     cld
     7 00000004 B800300000          <1>     mov eax, 3000h  ;Get version number
     8 00000009 CD21                <1>     int 21h
     9 0000000B 3A05F1FFFFFF        <1>     cmp al, byte [.vNum]
    10 00000011 760C                <1>     jbe short okVersion
    11 00000013 488D15(5B000000)    <1>     lea rdx, badVerStr
    12 0000001A E942050000          <1>     jmp badExitMsg
    13                              <1> okVersion:
    14                              <1> ;Initialise the BSS to 0
    15 0000001F 488D3D(00000000)    <1>     lea rdi, section..bss.start
    16 00000026 48B92F060000000000- <1>     mov rcx, bssLen
    16 0000002F 00                  <1>
    17 00000030 31C0                <1>     xor eax, eax
    18 00000032 F3AA                <1>     rep stosb
    19                              <1> ;Now move the stack pointer to its new position and reallocate!
    20 00000034 488D25(40060000)    <1>     lea rsp, stackTop
    21 0000003B 488D1D(40060000)    <1>     lea rbx, endOfProgram   ;Guaranteed paragraph alignment
    22 00000042 4C29C3              <1>     sub rbx, r8 ;Get number of bytes in block
    23 00000045 48C1EB04            <1>     shr rbx, 4  ;Convert to paragraphs
    24 00000049 48FFC3              <1>     inc rbx     ;Add one more paragraph for good measure
    25 0000004C B8004A0000          <1>     mov eax, 4A00h
    26 00000051 CD21                <1>     int 21h
    27 00000053 488D15(66010000)    <1>     lea rdx, badRealloc
    28 0000005A 0F8201050000        <1>     jc badExitMsg
    29                              <1> ;One command line argument except for mandatory filename, /B=(binary read)
    30 00000060 B800370000          <1>     mov eax, 3700h
    31 00000065 CD21                <1>     int 21h
    32 00000067 B85C000000          <1>     mov eax, "\"    ;Default pathsep
    33 0000006C B92F000000          <1>     mov ecx, "/"    ;Alternative pathsep
    34 00000071 80FA2D              <1>     cmp dl, "-"     ;Is the switch char default or alternative?
    35 00000074 0F44C1              <1>     cmove eax, ecx  ;Move if alternative
    36 00000077 8815(01000000)      <1>     mov byte [switchChar], dl
    37 0000007D 8805(00000000)      <1>     mov byte [pathSep], al
    38                              <1> getCmdTail:
    39 00000083 B801610000          <1>     mov eax, 6101h  ;Get parsed FCB and cmdtail for filename in rdx
    40 00000088 CD21                <1>     int 21h
    41                              <1> ;Now parse the command line, to get full command spec for filename.
    42 0000008A 488D7225            <1>     lea rsi, qword [rdx + cmdArgs.progTail]     ;Get ptr to tail
    43                              <1> ;Ensure the command line is CR terminated
    44 0000008E 0FB64EFF            <1>     movzx ecx, byte [rsi - 1] ;Get count byte
    45 00000092 B87E000000          <1>     mov eax, 128 - 2        ;Max count byte 
    46 00000097 39C1                <1>     cmp ecx, eax            ;Is count too big?
    47 00000099 0F47C8              <1>     cmova ecx, eax          ;If so, use max count
    48 0000009C C6040E0D            <1>     mov byte [rsi + rcx], CR    ;And make sure we have a terminator here
    49 000000A0 4889D5              <1>     mov rbp, rdx        ;Save the cmdArgs ptr for use when checking drive ok
    50                              <1> cmdTailParse:
    51 000000A3 E85B000000          <1>     call .skipSeps      ;Skips leading terminators
    52 000000A8 3C0D                <1>     cmp al, CR          ;If al is CR, we are done!
    53 000000AA 0F8496000000        <1>     je .parseComplete
    54 000000B0 3A05(01000000)      <1>     cmp al, byte [switchChar]       ;If al is a switchchar, rsi points to it!
    55 000000B6 7426                <1>     je .switchFnd
    56                              <1> ;Else it must be a file name!
    57 000000B8 48813D(3E010000)00- <1>     cmp qword [tmpNamePtr], 0
    57 000000C0 000000              <1>
    58 000000C3 7539                <1>     jnz .parseBadExit   ;If this is not empty, too many filenames specified!
    59 000000C5 488935(3E010000)    <1>     mov qword [tmpNamePtr], rsi     ;Save the pointer here :)
    60 000000CC E83E000000          <1>     call .findSep                   ;Find the end of the filename
    61 000000D1 488935(46010000)    <1>     mov qword [tmpNamePtr2], rsi    ;And save it here 
    62 000000D8 3C0D                <1>     cmp al, CR                      ;Did we terminate with a CR?
    63 000000DA 746A                <1>     je .parseComplete               ;If so, we are done!
    64 000000DC EBC5                <1>     jmp short cmdTailParse          ;Else, keep parsing!
    65                              <1> .switchFnd:
    66 000000DE 48FFC6              <1>     inc rsi                 ;Go to the char past the switch
    67 000000E1 AC                  <1>     lodsb                   ;Get the switchchar itself, advance rsi
    68 000000E2 24DF                <1>     and al, ~20h            ;Clear the LC bit from the char
    69 000000E4 3C42                <1>     cmp al, "B"
    70 000000E6 7516                <1>     jne .parseBadExit
    71 000000E8 C605(04000000)FF    <1>     mov byte [noEofChar], -1   ;Set the internal flag
    72 000000EF AC                  <1>     lodsb                   ;Now do lookahead
    73 000000F0 48FFCE              <1>     dec rsi                 ;Get the char rsi is pointing to, after B
    74 000000F3 3C0D                <1>     cmp al, CR              ;If this is a CR, we are done!
    75 000000F5 744F                <1>     je .parseComplete 
    76 000000F7 E82B000000          <1>     call .isAlSep           ;Is the char after /B a sep?
    77 000000FC 74A5                <1>     jz cmdTailParse         ;If so, keep parsing
    78                              <1> .parseBadExit:              ;Else, fallthru to error
    79 000000FE E957040000          <1>     jmp badParmExit
    80                              <1> .skipSeps:
    81                              <1> ;Leaves rsi pointing to the first non-separator char
    82 00000103 AC                  <1>     lodsb
    83 00000104 E81E000000          <1>     call .isAlSep
    84 00000109 74F8                <1>     jz .skipSeps
    85 0000010B 48FFCE              <1>     dec rsi     ;Always return to the char itself!
    86                              <1>     return
    13                              <2> %%_ret:
    14 0000010E C3                  <2>  ret
    15                              <2> %assign retOff %%_ret-$$
    87                              <1> .findSep:
    88                              <1> ;Leaves rsi pointing to the first found separator char, CR or switchChar
    89                              <1> ;Input: rsi -> pathspec to find end of
    90 0000010F AC                  <1>     lodsb
    91 00000110 3C0D                <1>     cmp al, CR
    92 00000112 740F                <1>     je .fsExit
    93 00000114 3A05(01000000)      <1>     cmp al, byte [switchChar]
    94 0000011A 7407                <1>     je .fsExit
    95 0000011C E806000000          <1>     call .isAlSep
    96 00000121 75EC                <1>     jnz .findSep
    97                              <1> .fsExit:
    98 00000123 48FFCE              <1>     dec rsi
    99                              <1>     return
    13                              <2> %%_ret:
    14 00000126 C3                  <2>  ret
    15                              <2> %assign retOff %%_ret-$$
   100                              <1> .isAlSep:
   101                              <1> ;Checks if al is a terminator char. Sets ZF if so.
   102                              <1> ;Input: al = Char to check.
   103 00000127 3C20                <1>     cmp al, SPC
   104                              <1>     rete
    49                              <2> cret e
    19                              <3> %%_base:
    20                              <3> %assign baseVar %%_base-$$
    21                              <3>  %ifdef retOff
    22                              <3>  %if (baseVar - retOff <= 126) && (baseVar > retOff)
    23                              <3>  %ifdef currSegVBase
    24                              <3>  j%+1 short (retOff+currSegVBase)
    25                              <3>  %else
    26 00000129 74(26)              <3>  j%+1 short retOff
    27                              <3>  %endif
    28                              <3>  %else
    29                              <3>  j%-1 short %%a
    30                              <3>  return
    31                              <3> %%a:
    32                              <3>  %endif
    33                              <3>  %else
    34                              <3>  j%-1 short %%a
    35                              <3>  return
    36                              <3> %%a:
    37                              <3>  %endif
   105 0000012B 3C09                <1>     cmp al, TAB
   106                              <1>     rete
    49                              <2> cret e
    19                              <3> %%_base:
    20                              <3> %assign baseVar %%_base-$$
    21                              <3>  %ifdef retOff
    22                              <3>  %if (baseVar - retOff <= 126) && (baseVar > retOff)
    23                              <3>  %ifdef currSegVBase
    24                              <3>  j%+1 short (retOff+currSegVBase)
    25                              <3>  %else
    26 0000012D 74(26)              <3>  j%+1 short retOff
    27                              <3>  %endif
    28                              <3>  %else
    29                              <3>  j%-1 short %%a
    30                              <3>  return
    31                              <3> %%a:
    32                              <3>  %endif
    33                              <3>  %else
    34                              <3>  j%-1 short %%a
    35                              <3>  return
    36                              <3> %%a:
    37                              <3>  %endif
   107 0000012F 3C3B                <1>     cmp al, ";"
   108                              <1>     rete
    49                              <2> cret e
    19                              <3> %%_base:
    20                              <3> %assign baseVar %%_base-$$
    21                              <3>  %ifdef retOff
    22                              <3>  %if (baseVar - retOff <= 126) && (baseVar > retOff)
    23                              <3>  %ifdef currSegVBase
    24                              <3>  j%+1 short (retOff+currSegVBase)
    25                              <3>  %else
    26 00000131 74(26)              <3>  j%+1 short retOff
    27                              <3>  %endif
    28                              <3>  %else
    29                              <3>  j%-1 short %%a
    30                              <3>  return
    31                              <3> %%a:
    32                              <3>  %endif
    33                              <3>  %else
    34                              <3>  j%-1 short %%a
    35                              <3>  return
    36                              <3> %%a:
    37                              <3>  %endif
   109 00000133 3C2C                <1>     cmp al, ","
   110                              <1>     rete
    49                              <2> cret e
    19                              <3> %%_base:
    20                              <3> %assign baseVar %%_base-$$
    21                              <3>  %ifdef retOff
    22                              <3>  %if (baseVar - retOff <= 126) && (baseVar > retOff)
    23                              <3>  %ifdef currSegVBase
    24                              <3>  j%+1 short (retOff+currSegVBase)
    25                              <3>  %else
    26 00000135 74(26)              <3>  j%+1 short retOff
    27                              <3>  %endif
    28                              <3>  %else
    29                              <3>  j%-1 short %%a
    30                              <3>  return
    31                              <3> %%a:
    32                              <3>  %endif
    33                              <3>  %else
    34                              <3>  j%-1 short %%a
    35                              <3>  return
    36                              <3> %%a:
    37                              <3>  %endif
   111 00000137 3C3D                <1>     cmp al, "="
   112                              <1>     return
    13                              <2> %%_ret:
    14 00000139 C3                  <2>  ret
    15                              <2> %assign retOff %%_ret-$$
   113                              <1> .nameBadExit:
   114 0000013A 488D15(9E000000)    <1>     lea rdx, badNameStr
   115 00000141 E91B040000          <1>     jmp badExitMsg
   116                              <1> .parseComplete:
   117                              <1> ;Check we have a pointer to a filename AT LEAST.
   118 00000146 48813D(3E010000)00- <1>     cmp qword [tmpNamePtr], 0
   118 0000014E 000000              <1>
   119 00000151 74E7                <1>     je .nameBadExit
   120                              <1> ;Now we copy the filename internally.
   121                              <1> nameCopy:
   122 00000153 488D3D(3E000000)    <1>     lea rdi, pathspec   ;Store in the pathspec
   123 0000015A 488B35(3E010000)    <1>     mov rsi, qword [tmpNamePtr]
   124 00000161 B81A120000          <1>     mov eax, 121Ah  ;Get the file drive, advance rsi if X:
   125 00000166 CD2F                <1>     int 2Fh
   126 00000168 84C0                <1>     test al, al
   127 0000016A 7509                <1>     jnz .notCurDrv
   128 0000016C B800190000          <1>     mov eax, 1900h  ;Get the current drive in al
   129 00000171 CD21                <1>     int 21h
   130 00000173 FEC0                <1>     inc al  ;Turn it into a 1 based number
   131                              <1> .notCurDrv:
   132 00000175 88C2                <1>     mov dl, al  ;Save the 1-based drive letter in dl
   133 00000177 0440                <1>     add al, "@" ;Convert into a drive letter
   134 00000179 B43A                <1>     mov ah, ":"
   135 0000017B 66AB                <1>     stosw   ;Store the drive letter in the buffer, adv rdi by 2
   136 0000017D AC                  <1>     lodsb   ;Get the first char from the pathspec given...
   137 0000017E 48FFCE              <1>     dec rsi ;...and go back to this char
   138 00000181 3A05(00000000)      <1>     cmp al, byte [pathSep]  ;If this is a pathsep, we have abs path!
   139 00000187 7431                <1>     je .cpLp    ;Avoid getting the current directory and copy immediately!
   140 00000189 8A05(00000000)      <1>     mov al, byte [pathSep]  ;Get a pathsep
   141 0000018F AA                  <1>     stosb       ;and store it, incrementing rdi
   142 00000190 56                  <1>     push rsi    ;Save the source of chars in the spec now
   143 00000191 4889FE              <1>     mov rsi, rdi
   144 00000194 B800470000          <1>     mov eax, 4700h  ;Get current dir for drive in here
   145 00000199 CD21                <1>     int 21h
   146 0000019B 5E                  <1>     pop rsi     ;Get back the source of chars 
   147 0000019C 0F82AF030000        <1>     jc badDrvExit
   148 000001A2 B812120000          <1>     mov eax, 1212h  ;Strlen from char past leading sep, get the length in ecx 
   149 000001A7 CD2F                <1>     int 2fh
   150 000001A9 FFC9                <1>     dec ecx         ;Drop the terminating null from the count
   151 000001AB 4801CF              <1>     add rdi, rcx    ;Go to the terminating null
   152 000001AE 8A05(00000000)      <1>     mov al, byte [pathSep]
   153 000001B4 3847FF              <1>     cmp byte [rdi - 1], al  ;If the char behind is a pathsep, skip doubling!
   154 000001B7 7401                <1>     je .cpLp
   155 000001B9 AA                  <1>     stosb           ;Store the pathsep over this null, inc rdi
   156                              <1> .cpLp:
   157 000001BA A4                  <1>     movsb   ;Now copy one char at a time
   158 000001BB 483B35(46010000)    <1>     cmp rsi, qword [tmpNamePtr2]    ;Check if we are equal to end of string ptr
   159 000001C2 75F6                <1>     jne short .cpLp
   160 000001C4 31C0                <1>     xor eax, eax
   161 000001C6 AA                  <1>     stosb   ;Store the null terminating char
   162                              <1> ;Now we normalise the pathspec
   163 000001C7 488D35(3E000000)    <1>     lea rsi, pathspec
   164 000001CE 4889F7              <1>     mov rdi, rsi
   165 000001D1 B811120000          <1>     mov eax, 1211h  ;Normalise the pathspec provided
   166 000001D6 CD2F                <1>     int 2fh 
   167                              <1> ;Now we produce a backup/working filespec
   168 000001D8 488D35(3E000000)    <1>     lea rsi, pathspec
   169 000001DF 488D3D(BE000000)    <1>     lea rdi, wkfile ;This pathspec always has an extension
   170 000001E6 E8BA060000          <1>     call strcpy
   171                              <1> ;rbp still has the cmdArgs ptr. Use it here for the fcb!!
   172 000001EB 488D7D00            <1>     lea rdi, qword [rbp + cmdArgs.fcb1]
   173 000001EF B801290000          <1>     mov eax, 2901h
   174 000001F4 CD21                <1>     int 21h
   175 000001F6 3CFF                <1>     cmp al, -1  ;If this is the case, the drive specified is bad!
   176 000001F8 0F8453030000        <1>     je badDrvExit
   177                              <1> ;Now invalidate tmpNamePtr and tmpNamePtr2
   178 000001FE 31C9                <1>     xor ecx, ecx
   179 00000200 48890D(3E010000)    <1>     mov qword [tmpNamePtr], rcx
   180 00000207 48890D(46010000)    <1>     mov qword [tmpNamePtr2], rcx
   181 0000020E FFC9                <1>     dec ecx
   182 00000210 488D3D(BE000000)    <1>     lea rdi, wkfile
   183 00000217 4889FB              <1>     mov rbx, rdi    ;Save address of head of file name
   184 0000021A 31C0                <1>     xor eax, eax
   185 0000021C F2AE                <1>     repne scasb     ;rdi points past terminating null
   186 0000021E 4889FE              <1>     mov rsi, rdi
   187 00000221 FD                  <1>     std             ;Go in reverse now
   188                              <1> .fileNameSearch:
   189 00000222 AC                  <1>     lodsb
   190 00000223 3A05(00000000)      <1>     cmp al, byte [pathSep]  ;Are we at a pathsep?
   191 00000229 740C                <1>     je .fileNameOk  ;Yes, stop scanning
   192 0000022B 4839DE              <1>     cmp rsi, rbx    ;Are we at the head of the path?
   193 0000022E 75F2                <1>     jne .fileNameSearch ;If not, keep going back
   194 00000230 4881EE02000000      <1>     sub rsi, 2  ;Pretend we are past a pathSep
   195                              <1> .fileNameOk:
   196 00000237 4881C602000000      <1>     add rsi, 2  ;Now point to the first char of the buffer!
   197 0000023E 488935(3E010000)    <1>     mov qword [fileNamePtr], rsi    ;Save the ptr
   198 00000245 FC                  <1>     cld         ;Now go forwards!
   199 00000246 B908000000          <1>     mov ecx, 8  ;number of chars to search thru
   200                              <1> .extSearch:
   201 0000024B AC                  <1>     lodsb
   202 0000024C 84C0                <1>     test al, al
   203 0000024E 740B                <1>     jz .insertExt
   204 00000250 3C2E                <1>     cmp al, "."
   205 00000252 7411                <1>     je .extFound
   206 00000254 FFC9                <1>     dec ecx
   207 00000256 75F3                <1>     jnz .extSearch    
   208 00000258 48FFC6              <1>     inc rsi ;Go to the next position so the below works
   209                              <1> .insertExt:
   210                              <1>     ;rsi points just past the null
   211 0000025B C646FF2E            <1>     mov byte [rsi - 1], "." ;Store a pathsep
   212 0000025F C70620202000        <1>     mov dword [rsi], "   "   ;Store empty extension so no accidental BAK issues.
   213                              <1> .extFound:
   214 00000265 488935(46010000)    <1>     mov qword [fileExtPtr], rsi
   215                              <1> ;Now we have all the metadata for the filename we are working with
   216 0000026C 8B06                <1>     mov eax, dword [rsi]
   217 0000026E 3D42414B00          <1>     cmp eax, "BAK"  ;Is this a bakup file?
   218 00000273 488D15(BE010000)    <1>     lea rdx, badFileExt
   219 0000027A 0F84E1020000        <1>     je badExitMsg   ;If yes, error!
   220 00000280 C70624242400        <1>     mov dword [rsi], "$$$"   ;Now we store working file $$$ extension 
   221                              <1> ;Now we check to make sure the path has no global filename chars
   222                              <1> wildcardCheck:
   223 00000286 488D35(3E000000)    <1>     lea rsi, pathspec
   224                              <1> .mainlp:
   225 0000028D AC                  <1>     lodsb
   226 0000028E 84C0                <1>     test al, al ;Once we're at the null char, proceed
   227 00000290 740C                <1>     jz fileOpen
   228 00000292 3C3F                <1>     cmp al, "?"
   229 00000294 0F84B7020000        <1>     je badDrvExit
   230 0000029A 3C2A                <1>     cmp al, "*"
   231 0000029C 75EF                <1>     jne .mainlp
   232                              <1> ;Now we open the file to check if it exists and if it does, if it is readonly
   233                              <1> fileOpen:
   234                              <1> ;first set the handles to -1
   235 0000029E C705(3A000000)FFFF- <1>     mov dword [readHdl], -1 ;Init the handles to -1
   235 000002A6 FFFF                <1>
   236                              <1> ;Now we search for the file
   237 000002A8 488D15(3E000000)    <1>     lea rdx, pathspec
   238 000002AF B906000000          <1>     mov ecx, dirIncFiles
   239 000002B4 B8004E0000          <1>     mov eax, 4E00h  ;Find First 
   240 000002B9 CD21                <1>     int 21h
   241 000002BB 7243                <1>     jc .fileNotFound
   242                              <1> ;Check if file is read only
   243 000002BD B8002F0000          <1>     mov eax, 2F00h  ;Get a pointer to the DTA in rbx
   244 000002C2 CD21                <1>     int 21h
   245 000002C4 0FB64315            <1>     movzx eax, byte [rbx + ffBlock.attribFnd]
   246 000002C8 A840                <1>     test al, dirCharDev
   247 000002CA 0F852C140000        <1>     jnz charDevFail
   248 000002D0 A801                <1>     test al, dirReadOnly
   249 000002D2 7407                <1>     jz short .notReadOnly
   250                              <1> .readOnly:
   251                              <1> ;Read only files here
   252 000002D4 C605(02000000)FF    <1>     mov byte [roFlag], -1   ;Set read only flag!
   253                              <1> .notReadOnly:
   254                              <1> ;File exists, lets open it, to read from
   255 000002DB B8203D0000          <1>     mov eax, (3Dh << 8) | ReadAccess | denyWriteShare
   256 000002E0 488D15(3E000000)    <1>     lea rdx, pathspec    ;Get the pointer to the working filename
   257 000002E7 CD21                <1>     int 21h         ;Open the file
   258 000002E9 730C                <1>     jnc short .backupOpened
   259                              <1> ;File failed to open
   260 000002EB 488D15(DB000000)    <1>     lea rdx, badOpenStr
   261 000002F2 E96A020000          <1>     jmp badExitMsg
   262                              <1> .backupOpened:
   263                              <1> ;Backup opened and handle in ax.
   264 000002F7 668905(3A000000)    <1>     mov word [readHdl], ax  ;Store the read handle here
   265 000002FE EB1F                <1>     jmp short createWorkingFile
   266                              <1> .fileNotFound:
   267                              <1> ;Maybe new file? Check reason for error! If FNF, its good!
   268 00000300 663D0200            <1>     cmp ax, errFnf  ;If its a file not found error, then we are good!
   269 00000304 488D15(DB000000)    <1>     lea rdx, badOpenStr ;We can't open the file for whatever reason
   270 0000030B 0F8550020000        <1>     jne badExitMsg
   271                              <1> ;Error was file not found so we can make the file!
   272 00000311 C605(03000000)FF    <1>     mov byte [newFileFlag], -1  ;Set the new file flag!
   273 00000318 C605(05000000)FF    <1>     mov byte [eofReached], -1   ;Setup that we at eof
   274                              <1> createWorkingFile:
   275                              <1> ;Now open a new file with triple question mark extension
   276                              <1> ;rdi -> Path to file with $$$ (the working file)
   277 0000031F 488D15(BE000000)    <1>     lea rdx, wkfile    ;Get a pointer to this filename
   278 00000326 B8005B0000          <1>     mov eax, 5B00h  ;Create file (atomic), prevent two edlins from editing same file
   279 0000032B 31C9                <1>     xor ecx, ecx    ;Clear all file attributes (normal file)
   280 0000032D CD21                <1>     int 21h
   281 0000032F 488D15(BC000000)    <1>     lea rdx, badCreatStr    ;Creating the working file will fail if already exits
   282 00000336 0F8225020000        <1>     jc badExitMsg   ;This prevents someone from overriding the file
   283 0000033C 668905(3C000000)    <1>     mov word [writeHdl], ax ;Store a pointer to the write handle
   284 00000343 F605(03000000)FF    <1>     test byte [newFileFlag], -1 ;If set, this is a new file!
   285 0000034A 740E                <1>     jz short .notNewFile
   286 0000034C 488D15(3C000000)    <1>     lea rdx, newStr
   287 00000353 B800090000          <1>     mov eax, 0900h
   288 00000358 CD21                <1>     int 21h
   289                              <1> .notNewFile:
   290                              <1> ;Now the following:
   291                              <1> ;1) Allocate max memory (1Mb max)
   292                              <1> ;2) If new file, goto 4. Print "new file" message
   293                              <1> ;3) Else, fill up to 75% of arena according to table. If 
   294                              <1> ;    EOF reached (either due to no bytes left or ^Z (if enabled))
   295                              <1> ;    print "EOF reached message".
   296                              <1> ;4) Install Int 23h handler
   297                              <1> ;5) Goto main loop
   298                              <1> allocateMemory:
   299 0000035A 31DB                <1>     xor ebx, ebx
   300 0000035C BB00000100          <1>     mov ebx, 10000h ;Start trying to allocate at 1Mb
   301 00000361 B800480000          <1>     mov eax, 4800h
   302 00000366 CD21                <1>     int 21h
   303 00000368 731E                <1>     jnc short .loadProgram
   304                              <1>     ;If the allocation failed, eax has max paragraphs
   305 0000036A 3D10000000          <1>     cmp eax, 10h    ;If we have less than 256 bytes available, fail
   306 0000036F 720B                <1>     jb short .notEnoughMem
   307 00000371 89C3                <1>     mov ebx, eax    ;Get the number of paragraphs into ebx for request
   308 00000373 B800480000          <1>     mov eax, 4800h
   309 00000378 CD21                <1>     int 21h
   310 0000037A 730C                <1>     jnc short .loadProgram
   311                              <1> .notEnoughMem:
   312 0000037C 488D15(7B010000)    <1>     lea rdx, badMemFull
   313 00000383 E9D9010000          <1>     jmp badExitMsg
   314                              <1> .loadProgram:
   315                              <1> ;rax has pointer here
   316 00000388 488905(0E000000)    <1>     mov qword [memPtr], rax
   317 0000038F 4889C6              <1>     mov rsi, rax
   318 00000392 C1E304              <1>     shl ebx, 4  ;Multiply by 16 to get number of bytes
   319 00000395 4801DE              <1>     add rsi, rbx
   320 00000398 48FFCE              <1>     dec rsi     ;Point rsi to the last char of the arena
   321 0000039B 488935(30000000)    <1>     mov qword [endOfArena], rsi
   322 000003A2 891D(06000000)      <1>     mov dword [arenaSize], ebx  ;Save number of bytes in arena here
   323 000003A8 F605(03000000)FF    <1>     test byte [newFileFlag], -1 ;We skip setting the 1/4 and 3/4 markers 
   324 000003AF 7522                <1>     jnz .newFile
   325 000003B1 4889C6              <1>     mov rsi, rax    ;Save the pointer to memory arena in rsi
   326 000003B4 31C9                <1>     xor ecx, ecx    ;Zero the upper 32 bits
   327 000003B6 678D0C5B            <1>     lea ecx, dword [2*ebx + ebx]    ;Multiply ebx by 3 into ecx
   328 000003BA C1E902              <1>     shr ecx, 2  ;Divide by 4 to get # of bytes to default fill by
   329 000003BD 890D(16000000)      <1>     mov dword [fillPtr], ecx   ;Save number of bytes to fill arena with
   330 000003C3 480105(16000000)    <1>     add qword [fillPtr], rax   ;Turn into offset from start of arena
   331 000003CA C1EB02              <1>     shr ebx, 2  ;Divide by 4 to get # of bytes to default free until
   332 000003CD 891D(0A000000)      <1>     mov dword [freeCnt], ebx   ;Save number of bytes to free from the arena
   333                              <1> .newFile:
   334                              <1> ;Now we setup the edit and command buffers
   335 000003D3 C605(65020000)FD    <1>     mov byte [workLine + line.bBufLen], lineLen
   336 000003DA C605(4E010000)80    <1>     mov byte [cmdLine + line.bBufLen], halflineLen
   337 000003E1 66C705(1E000000)01- <1>     mov word [curLineNum], 1    ;Start at line 1
   337 000003E9 00                  <1>
   338 000003EA 488905(20000000)    <1>     mov qword [curLinePtr], rax
   339 000003F1 C6001A              <1>     mov byte [rax], EOF ;Store an EOF at the start of the buffer!
   340 000003F4 488905(28000000)    <1>     mov qword [eofPtr], rax
   341                              <1> ;Nice trick, ensure we dont print any errors on append when initially loading the
   342                              <1> ; file! Since we are appending, we setup as if the user typed in an arg. 
   343                              <1> ;arg1 is already zero due to BSS zeroing
   344 000003FB C605(D8010000)01    <1>     mov byte [argCnt], 1    ;Default to one argument! arg1 = 0 means load to 3/4!
   345 00000402 F605(03000000)FF    <1>     test byte [newFileFlag], -1
   346 00000409 7513                <1>     jnz getCommand
   347 0000040B C605(64020000)FF    <1>     mov byte [noAppendErr], -1
   348 00000412 E8100E0000          <1>     call appendLines
   349 00000417 C605(64020000)00    <1>     mov byte [noAppendErr], 0
   350                              <1> getCommand:
   351 0000041E 488D25(40060000)    <1>     lea rsp, stackTop   ;Reset the stack pointer
   352 00000425 488D1513060000      <1>     lea rdx, i23h
   353 0000042C B823250000          <1>     mov eax, 2523h  ;Set Interrupt handler for Int 23h
   354 00000431 CD21                <1>     int 21h
   355 00000433 B82A000000          <1>     mov eax, prompt
   356 00000438 E865110000          <1>     call printChar
   357 0000043D 488D15(4E010000)    <1>     lea rdx, cmdLine
   358 00000444 B8000A0000          <1>     mov eax, 0A00h  ;Take buffered input.
   359 00000449 CD21                <1>     int 21h
   360 0000044B E850110000          <1>     call printLF 
   361 00000450 488D35(50010000)    <1>     lea rsi, qword [cmdLine + halfLine.pString] ;Point to the text of the line
   362 00000457 488935(D0010000)    <1>     mov qword [charPtr], rsi
   363                              <1> ;Now we parse the command line!
   364                              <1> ;NOTE: Multiple commands may be on the same command line.
   365                              <1> ;Commands are terminated by a command letter (except in the
   366                              <1> ; case of S and R where they may be followed by a string).
   367                              <1> ;If we encounter a CR in the string parsing, then we are
   368                              <1> ; finished with this command line. Else, we keep parsing the
   369                              <1> ; same command line, until all the chars in the buffer 
   370                              <1> ; have been processed and/or a CR has been hit.
   371                              <1> parseCommand:
   372 0000045E 31C0                <1>     xor eax, eax
   373 00000460 8805(D8010000)      <1>     mov byte [argCnt], al
   374 00000466 488905(D9010000)    <1>     mov qword [argTbl], rax ;Clear the argument table
   375 0000046D 8805(E1010000)      <1>     mov byte [qmarkSet], al
   376 00000473 488B35(D0010000)    <1>     mov rsi, qword [charPtr]    ;Get rsi to the right place in command line
   377 0000047A 488D2D(D9010000)    <1>     lea rbp, argTbl
   378                              <1> .parse:
   379 00000481 FE05(D8010000)      <1>     inc byte [argCnt]   ;Parsing an argument
   380 00000487 E8E0040000          <1>     call parseEntry ;Returns in bx the word to store in the arg table
   381 0000048C 0FB63D(D8010000)    <1>     movzx edi, byte [argCnt]
   382 00000493 FFCF                <1>     dec edi ;Turn into offset
   383 00000495 66895C7D00          <1>     mov word [rbp + 2*rdi], bx  ;Store the argument
   384 0000049A 48FFCE              <1>     dec rsi     ;Go back to the first char past the argument
   385 0000049D E86E050000          <1>     call skipSpaces ;Skip spaces
   386 000004A2 3C2C                <1>     cmp al, "," ;Is the first char the argument separator?
   387 000004A4 74DB                <1>     je .parse
   388 000004A6 48FFCE              <1>     dec rsi ;Move rsi back to the non comma char
   389 000004A9 E862050000          <1>     call skipSpaces
   390 000004AE 3C3F                <1>     cmp al, "?"
   391 000004B0 750C                <1>     jne short .notQmark
   392 000004B2 C605(E1010000)FF    <1>     mov byte [qmarkSet], -1
   393 000004B9 E852050000          <1>     call skipSpaces ;Get the next char (must be a cmd char) in al
   394                              <1> .notQmark:
   395 000004BE 3C61                <1>     cmp al, "a"
   396 000004C0 7202                <1>     jb short .noUC
   397 000004C2 24DF                <1>     and al, 0DFh    ;Convert cmd char to upper case if LC 
   398                              <1> .noUC:
   399 000004C4 488D3D(00000000)    <1>     lea rdi, cmdLetterTable
   400 000004CB B90F000000          <1>     mov ecx, cmdLetterTableL
   401 000004D0 F2AE                <1>     repne scasb
   402 000004D2 0F85ED110000        <1>     jne printComErr ;Print an error if char not in table
   403 000004D8 F7D1                <1>     not ecx ;1's compliment to subtract 1 too
   404 000004DA 81C10F000000        <1>     add ecx, cmdLetterTableL    ;Get L->R offset into table
   405                              <1> ;Now check the R/O permissions for the selected function
   406                              <1> ;ecx has the offset into the table
   407 000004E0 F605(02000000)FF    <1>     test byte [roFlag], -1  ;If this flag is not set, ignore r/o
   408 000004E7 7421                <1>     jz short execCmd
   409 000004E9 488D2D(2D000000)    <1>     lea rbp, cmdRoTable
   410 000004F0 F6440D00FF          <1>     test byte [rbp + rcx], -1   ;Test the flag
   411 000004F5 7513                <1>     jnz short execCmd
   412 000004F7 488D15(E3010000)    <1>     lea rdx, badROcmd
   413 000004FE B800090000          <1>     mov eax, 0900h
   414 00000503 CD21                <1>     int 21h
   415 00000505 E9BB110000          <1>     jmp printComErr
   416                              <1> execCmd:
   417 0000050A 488935(D0010000)    <1>     mov qword [charPtr], rsi
   418 00000511 488D2D(0F000000)    <1>     lea rbp, cmdFcnTable
   419 00000518 480FBF5C4D00        <1>     movsx rbx, word [rbp + 2*rcx]    ;Get word ptr into rbx
   420 0000051E 4801EB              <1>     add rbx, rbp    ;Convert the word offset from cmdFcnTbl to pointer
   421 00000521 FFD3                <1>     call rbx
   422                              <1> nextCmd:
   423 00000523 488B35(D0010000)    <1>     mov rsi, qword [charPtr]
   424 0000052A E8E1040000          <1>     call skipSpaces ;Now move to the "following command" or CR
   425 0000052F 3C0D                <1>     cmp al, CR
   426 00000531 0F84E7FEFFFF        <1>     je getCommand   ;If CR, end of line. Get new command
   427 00000537 3C1A                <1>     cmp al, EOF
   428 00000539 7404                <1>     je short .eocChar
   429 0000053B 3C3B                <1>     cmp al, ";"
   430 0000053D 7503                <1>     jne short .skipEocChar
   431                              <1> .eocChar:
   432 0000053F 48FFC6              <1>     inc rsi ;Move rsi ahead one to avoid the below...
   433                              <1> .skipEocChar:
   434 00000542 48FFCE              <1>     dec rsi ;Move rsi back to the first char of the new command
   435 00000545 488935(D0010000)    <1>     mov qword [charPtr], rsi    ;Save the command line pointer
   436 0000054C E90DFFFFFF          <1>     jmp parseCommand
   437                              <1> 
   438                              <1> ;----Bad Exits----
   439                              <1> badDrvExit:
   440 00000551 488D15(71000000)    <1>     lea rdx, badDrvStr
   441 00000558 EB07                <1>     jmp short badExitMsg
   442                              <1> badParmExit:
   443 0000055A 488D15(44010000)    <1>     lea rdx, badParm    ;Bad number of parameters
   444                              <1> badExitMsg:
   445 00000561 4885D2              <1>     test rdx, rdx   ;Check if null ptr => Dont print on exit
   446 00000564 7407                <1>     jz short badExit
   447 00000566 B800090000          <1>     mov eax, 0900h
   448 0000056B CD21                <1>     int 21h
   449                              <1> badExit:
   450 0000056D B8FF4C0000          <1>     mov eax, 4CFFh
   451 00000572 CD21                <1>     int 21h
    35                                  %include "./Source/edutils.asm"
     1                              <1> ;General Utility functions for edlin go here
     2                              <1> 
     3                              <1> okPrompt:
     4                              <1> ;Checks if the user typed ? on a search or replace and prompts y/n
     5                              <1> ; indicating the response to the caller!
     6                              <1> ;Returns: ZF=ZE if Y returned, ZF=NZ if N returned
     7 00000574 F605(E1010000)FF    <1>     test byte [qmarkSet], -1
     8                              <1>     retz
    41                              <2> cret z
    19                              <3> %%_base:
    20                              <3> %assign baseVar %%_base-$$
    21                              <3>  %ifdef retOff
    22                              <3>  %if (baseVar - retOff <= 126) && (baseVar > retOff)
    23                              <3>  %ifdef currSegVBase
    24                              <3>  j%+1 short (retOff+currSegVBase)
    25                              <3>  %else
    26                              <3>  j%+1 short retOff
    27                              <3>  %endif
    28                              <3>  %else
    29 0000057B 7501                <3>  j%-1 short %%a
    30                              <3>  return
    13                              <4> %%_ret:
    14 0000057D C3                  <4>  ret
    15                              <4> %assign retOff %%_ret-$$
    31                              <3> %%a:
    32                              <3>  %endif
    33                              <3>  %else
    34                              <3>  j%-1 short %%a
    35                              <3>  return
    36                              <3> %%a:
    37                              <3>  %endif
     9                              <1> .lp:
    10 0000057E 488D15(5A020000)    <1>     lea rdx, okString
    11 00000585 E803100000          <1>     call printString
    12 0000058A B8010C0000          <1>     mov eax, 0C01h  ;Take input one byte, return input byte in al
    13 0000058F CD21                <1>     int 21h
    14 00000591 50                  <1>     push rax        ;Save the char as we print CRLF to denote acceptance
    15 00000592 E802100000          <1>     call printCRLF
    16 00000597 58                  <1>     pop rax
    17 00000598 50                  <1>     push rax
    18 00000599 B813120000          <1>     mov eax, 1213h  ;Get DOS to Uppercase for us
    19 0000059E CD2F                <1>     int 2fh
    20 000005A0 5A                  <1>     pop rdx         ;Pop the original char back
    21 000005A1 3C59                <1>     cmp al, "Y"
    22                              <1>     rete
    49                              <2> cret e
    19                              <3> %%_base:
    20                              <3> %assign baseVar %%_base-$$
    21                              <3>  %ifdef retOff
    22                              <3>  %if (baseVar - retOff <= 126) && (baseVar > retOff)
    23                              <3>  %ifdef currSegVBase
    24                              <3>  j%+1 short (retOff+currSegVBase)
    25                              <3>  %else
    26 000005A3 74(7D)              <3>  j%+1 short retOff
    27                              <3>  %endif
    28                              <3>  %else
    29                              <3>  j%-1 short %%a
    30                              <3>  return
    31                              <3> %%a:
    32                              <3>  %endif
    33                              <3>  %else
    34                              <3>  j%-1 short %%a
    35                              <3>  return
    36                              <3> %%a:
    37                              <3>  %endif
    23 000005A5 3C4E                <1>     cmp al, "N"
    24 000005A7 75D5                <1>     jne .lp         ;If not Y or N, go again.
    25 000005A9 FEC0                <1>     inc al          ;Clear ZF, guaranteed to clear ZF since al = N
    26                              <1>     return
    13                              <2> %%_ret:
    14 000005AB C3                  <2>  ret
    15                              <2> %assign retOff %%_ret-$$
    27                              <1> 
    28                              <1> 
    29                              <1> findFirst:
    30 000005AC 488D3D(2E050000)    <1>     lea rdi, fndString1 + 1 ;Point to start of the actual string space!
    31 000005B3 C605(12050000)FF    <1>     mov byte [keepOld], -1  ;We want to keep the old search data!
    32 000005BA E84D010000          <1>     call getFindPatrn
    33 000005BF 85C9                <1>     test ecx, ecx   ;Was the length of the copy 0?
    34                              <1>     retz            ;Return if so!
    41                              <2> cret z
    19                              <3> %%_base:
    20                              <3> %assign baseVar %%_base-$$
    21                              <3>  %ifdef retOff
    22                              <3>  %if (baseVar - retOff <= 126) && (baseVar > retOff)
    23                              <3>  %ifdef currSegVBase
    24                              <3>  j%+1 short (retOff+currSegVBase)
    25                              <3>  %else
    26 000005C1 74(AB)              <3>  j%+1 short retOff
    27                              <3>  %endif
    28                              <3>  %else
    29                              <3>  j%-1 short %%a
    30                              <3>  return
    31                              <3> %%a:
    32                              <3>  %endif
    33                              <3>  %else
    34                              <3>  j%-1 short %%a
    35                              <3>  return
    36                              <3> %%a:
    37                              <3>  %endif
    35 000005C3 3C1A                <1>     cmp al, EOF
    36 000005C5 7507                <1>     jne .replaceOld
    37 000005C7 C605(12050000)00    <1>     mov byte [keepOld], 0   ;Reset the old data if EOF!
    38                              <1> .replaceOld: 
    39 000005CE 66890D(13050000)    <1>     mov word [fndLenOld], cx  ;Save the length!
    40 000005D5 31C9                <1>     xor ecx, ecx
    41 000005D7 3C0D                <1>     cmp al, CR
    42 000005D9 7409                <1>     je .makeSrchBuf
    43 000005DB 803D(11050000)00    <1>     cmp byte [findMod], 0
    44 000005E2 7403                <1>     jz .repBuf
    45                              <1> .makeSrchBuf:
    46 000005E4 48FFCE              <1>     dec rsi
    47                              <1> .repBuf:
    48 000005E7 488935(D0010000)    <1>     mov qword [charPtr], rsi
    49 000005EE 488D3D(AF050000)    <1>     lea rdi, fndString2 + 1     ;Now we copy to the second buffer!
    50 000005F5 E812010000          <1>     call getFindPatrn
    51 000005FA 803D(11050000)00    <1>     cmp byte [findMod], 0   ;Are we replace?
    52 00000601 750E                <1>     jnz .notRep
    53                              <1> ;Here only if we are replacing the string!
    54 00000603 3C0D                <1>     cmp al, CR  ;Did we read the last char in the string?
    55 00000605 7503                <1>     jne .eos
    56 00000607 48FFCE              <1>     dec rsi     ;Go to the last char itself
    57                              <1> .eos:
    58 0000060A 488935(D0010000)    <1>     mov qword [charPtr], rsi
    59                              <1> .notRep:
    60 00000611 66890D(15050000)    <1>     mov word [fndLenNew], cx     ;Save the new length of the copied string
    61 00000618 0FB71D(D9010000)    <1>     movzx ebx, word [arg1]
    62 0000061F 85DB                <1>     test ebx, ebx   
    63 00000621 751E                <1>     jnz .havLine
    64 00000623 803D(10050000)00    <1>     cmp byte [srchMode], 0  ;If clear, we search from current line + 1!
    65 0000062A 7507                <1>     jne .curLin
    66 0000062C BB01000000          <1>     mov ebx, 1
    67 00000631 EB09                <1>     jmp short .chkLineOk
    68                              <1> .curLin:
    69 00000633 0FB71D(1E000000)    <1>     movzx ebx, word [curLineNum]
    70 0000063A FFC3                <1>     inc ebx
    71                              <1> .chkLineOk:
    72 0000063C E8D2010000          <1>     call checkArgOrder
    73                              <1> .havLine:
    74 00000641 E81C020000          <1>     call findLine   ;Setup the vars to start searching!
    75 00000646 48893D(17050000)    <1>     mov qword [fndStrPtr], rdi
    76 0000064D 48893D(1F050000)    <1>     mov qword [fndLinePtr], rdi
    77 00000654 668915(27050000)    <1>     mov word [fndLineNum], dx
    78 0000065B 0FB71D(DB010000)    <1>     movzx ebx, word [arg2]  ;Get the end of search range
    79 00000662 6681FBFFFF          <1>     cmp bx, -1
    80 00000667 6681DBFFFF          <1>     sbb bx, -1
    81 0000066C E8F1010000          <1>     call findLine   ;Get the vars for the end of the search
    82 00000671 4889F9              <1>     mov rcx, rdi
    83 00000674 482B0D(17050000)    <1>     sub rcx, qword [fndStrPtr]  ;Get the number of chars we will be scanning
    84 0000067B 0CFF                <1>     or al, -1   ;Clear ZF
    85 0000067D 67E309              <1>     jecxz .exit
    86 00000680 663B0D(13050000)    <1>     cmp cx, word [fndLenOld]  ;Is the init string 
    87 00000687 7301                <1>     jae .findNext
    88                              <1> .exit:
    89                              <1>     return
    13                              <2> %%_ret:
    14 00000689 C3                  <2>  ret
    15                              <2> %assign retOff %%_ret-$$
    90                              <1> .findNext:
    91 0000068A 890D(29050000)      <1>     mov dword [fndSrchLen], ecx
    92                              <1> findNext:
    93                              <1> ;Finds our next match for the string in fndString1
    94                              <1> ;Input:
    95                              <1> ;   byte [fndString1 + 1] = String we are searching for
    96                              <1> ;   word [fndLenOld] = Length of the string we are searching for
    97                              <1> ;   qword [fndStrPtr] = Ptr to the start of where to start scanning from
    98                              <1> ;   word [fndLineNum] = Line number of the string we are searching from
    99                              <1> ;   dword [fndSrchLen] = Length of the arena we are searching.
   100                              <1> ;   qword [fndLinePtr] = Ptr to the start of the line we are on.
   101                              <1> ;Output:
   102                              <1> ;   ZF=ZE if we found the search string. Else ZF=NZ.
   103                              <1> ;   qword [fndStrPtr], word [fndLineNum], dword [fndSrchLen] updated.
   104                              <1> ;   qword [fndLinePtr] points to start of line we found match
   105                              <1> 
   106 00000690 8A05(2E050000)      <1>     mov al, byte [fndString1 + 1]
   107 00000696 8B0D(29050000)      <1>     mov ecx, dword [fndSrchLen]
   108 0000069C 488B3D(17050000)    <1> 	mov rdi, qword [fndStrPtr]
   109                              <1> .lp:
   110 000006A3 4885FF              <1>     test rdi, rdi           ;Clear ZF in case ecx is 0
   111 000006A6 67E3E0              <1>     jecxz findFirst.exit    ;Just exit in that case
   112 000006A9 F2AE                <1>     repne scasb
   113                              <1>     retnz
    45                              <2> cret nz
    19                              <3> %%_base:
    20                              <3> %assign baseVar %%_base-$$
    21                              <3>  %ifdef retOff
    22                              <3>  %if (baseVar - retOff <= 126) && (baseVar > retOff)
    23                              <3>  %ifdef currSegVBase
    24                              <3>  j%+1 short (retOff+currSegVBase)
    25                              <3>  %else
    26 000006AB 75(89)              <3>  j%+1 short retOff
    27                              <3>  %endif
    28                              <3>  %else
    29                              <3>  j%-1 short %%a
    30                              <3>  return
    31                              <3> %%a:
    32                              <3>  %endif
    33                              <3>  %else
    34                              <3>  j%-1 short %%a
    35                              <3>  return
    36                              <3> %%a:
    37                              <3>  %endif
   114 000006AD 89CA                <1>     mov edx, ecx    ;Save the remaining chars to scan thru
   115 000006AF 4889FB              <1>     mov rbx, rdi    ;Save the ptr to the end of the string we scanned
   116 000006B2 0FB70D(13050000)    <1>     movzx ecx, word [fndLenOld] ;Get the match string length
   117 000006B9 FFC9                <1>     dec ecx
   118 000006BB 488D35(2F050000)    <1>     lea rsi, fndString1 + 2
   119 000006C2 38C0                <1>     cmp al, al  ;Set the zero flag incase ECX = 0
   120 000006C4 F3A6                <1>     repe cmpsb  ;Compare the remainder of the strings
   121 000006C6 89D1                <1>     mov ecx, edx    ;Return the remaining chars for search
   122 000006C8 4889DF              <1>     mov rdi, rbx    ;Retur the ptr
   123 000006CB 75D6                <1>     jne .lp ;Keep searching if the two strings were not 100% the same
   124 000006CD 890D(29050000)      <1>     mov dword [fndSrchLen], ecx
   125 000006D3 4889F9              <1>     mov rcx, rdi
   126 000006D6 48893D(17050000)    <1>     mov qword [fndStrPtr], rdi
   127 000006DD 488B3D(1F050000)    <1>     mov rdi, qword [fndLinePtr]
   128 000006E4 4829F9              <1>     sub rcx, rdi
   129 000006E7 B00A                <1>     mov al, LF
   130 000006E9 0FB715(27050000)    <1>     movzx edx, word [fndLineNum]
   131                              <1> ;Now figure out which line we matched on
   132                              <1> .getLp:
   133 000006F0 FFC2                <1>     inc edx
   134 000006F2 4889FB              <1>     mov rbx, rdi
   135 000006F5 F2AE                <1>     repne scasb
   136 000006F7 74F7                <1>     jz .getLp 
   137 000006F9 FFCA                <1>     dec edx
   138 000006FB 668915(27050000)    <1>     mov word [fndLineNum], dx
   139 00000702 48891D(1F050000)    <1>     mov qword [fndLinePtr], rbx
   140 00000709 31C0                <1>     xor eax, eax    ;Clear the ZF
   141                              <1>     return
    13                              <2> %%_ret:
    14 0000070B C3                  <2>  ret
    15                              <2> %assign retOff %%_ret-$$
   142                              <1> 
   143                              <1> getFindPatrn:
   144                              <1> ;Moves the find pattern until ^Z or <CR> found. 
   145                              <1> ;Input: rsi -> Command buffer
   146                              <1> ;       rdi -> Storage buffer
   147                              <1> ; byte [keepOld] = If we copy 0 chars, do we use old search data or not?
   148                              <1> ;Output:
   149                              <1> ;       al = Terminating char
   150                              <1> ;       ecx = Number of chars copied
   151                              <1> ;       rsi -> Char past the terminating char
   152                              <1> ;       rdi -> Same in storage buffer
   153 0000070C 31C9                <1>     xor ecx, ecx
   154                              <1> .lp:
   155 0000070E AC                  <1>     lodsb           ;Get char from buffer
   156 0000070F 3C16                <1>     cmp al, CMD     ;If not a ^V, check if it is a terminating char
   157 00000711 7508                <1>     jne .noConvert
   158 00000713 AC                  <1>     lodsb   ;Get the next char to convert into a control character
   159 00000714 E8EF000000          <1>     call doControl  ;Convert it!
   160 00000719 EB04                <1>     jmp short .checkCR  ;Ignore <EOF> in this case
   161                              <1> .noConvert:
   162 0000071B 3C1A                <1>     cmp al, EOF ;Was char an <EOF>?
   163 0000071D 7409                <1>     je .end     ;End if so!
   164                              <1> .checkCR:
   165 0000071F 3C0D                <1>     cmp al, CR  ;Was char a <CR>?
   166 00000721 7405                <1>     je .end     ;End if so!
   167 00000723 AA                  <1>     stosb       ;Else store and
   168 00000724 FFC1                <1>     inc ecx     ;inc the copy counter!
   169 00000726 EBE6                <1>     jmp short .lp
   170                              <1> .end:
   171 00000728 85C9                <1>     test ecx, ecx   ;Did we copy zero chars?
   172 0000072A 7409                <1>     jz .noNew       ;If so, check if we should use previous data...
   173 0000072C 57                  <1>     push rdi
   174 0000072D 4829CF              <1>     sub rdi, rcx    ;Else get a ptr to the start of the buffer
   175 00000730 884FFF              <1>     mov byte [rdi - 1], cl  ;And place the string length w/o terminator!
   176 00000733 5F                  <1>     pop rdi
   177                              <1>     return
    13                              <2> %%_ret:
    14 00000734 C3                  <2>  ret
    15                              <2> %assign retOff %%_ret-$$
   178                              <1> .noNew:
   179 00000735 F605(12050000)FF    <1>     test byte [keepOld], -1   ;Do we want to use old data?
   180 0000073C 7504                <1>     jne .useOld     ;Jump if so!
   181 0000073E 884FFF              <1>     mov byte [rdi - 1], cl  ;Else, reset the buffer length!! No search data!
   182                              <1>     return
    13                              <2> %%_ret:
    14 00000741 C3                  <2>  ret
    15                              <2> %assign retOff %%_ret-$$
   183                              <1> .useOld:
   184 00000742 0FB64FFF            <1>     movzx ecx, byte [rdi - 1]   ;So get the length of the buffer
   185 00000746 4801CF              <1>     add rdi, rcx                ;And go to the end of the string!
   186                              <1>     return
    13                              <2> %%_ret:
    14 00000749 C3                  <2>  ret
    15                              <2> %assign retOff %%_ret-$$
   187                              <1> 
   188                              <1> replaceLine:
   189                              <1> ;Replaces a line in memory with a line in a buffer.
   190                              <1> ;Input: ecx = New line length
   191                              <1> ;       rsi -> New line source ptr
   192                              <1> ;       edx = Old line length
   193                              <1> ;       rdi -> Old line ptr
   194 0000074A 39D1                <1>     cmp ecx, edx
   195 0000074C 7447                <1>     je .doCopy
   196 0000074E 51                  <1>     push rcx
   197 0000074F 56                  <1>     push rsi
   198 00000750 57                  <1>     push rdi
   199 00000751 4889FE              <1>     mov rsi, rdi
   200 00000754 4801D6              <1>     add rsi, rdx    ;Go to the end of the old line 
   201 00000757 4801CF              <1>     add rdi, rcx    ;Go to where the new line will end
   202 0000075A 488B05(28000000)    <1>     mov rax, qword [eofPtr]
   203 00000761 4829D0              <1>     sub rax, rdx    ;See if we have enough space for the new line!!
   204 00000764 4801C8              <1>     add rax, rcx
   205 00000767 483B05(30000000)    <1>     cmp rax, qword [endOfArena]
   206 0000076E 0F83480F0000        <1>     jae printMemErr
   207 00000774 488705(28000000)    <1>     xchg qword [eofPtr], rax    ;This will be the new eof
   208 0000077B 4889C1              <1>     mov rcx, rax    ;Get the old eofPtr in rcx
   209 0000077E 4829F1              <1>     sub rcx, rsi
   210 00000781 4839FE              <1>     cmp rsi, rdi
   211 00000784 7707                <1>     ja .noRevMove
   212 00000786 4801CE              <1>     add rsi, rcx    ;Here we setup reverse copy!!
   213 00000789 4801CF              <1>     add rdi, rcx
   214 0000078C FD                  <1>     std
   215                              <1> .noRevMove:
   216 0000078D FFC1                <1>     inc ecx         ;Add a char for the EOF itself!
   217 0000078F F3A4                <1>     rep movsb
   218 00000791 FC                  <1>     cld
   219 00000792 5F                  <1>     pop rdi
   220 00000793 5E                  <1>     pop rsi
   221 00000794 59                  <1>     pop rcx
   222                              <1>     ;Now that there is space in the buffer, we can do the copy!
   223                              <1> .doCopy:
   224 00000795 F3A4                <1>     rep movsb
   225                              <1>     return
    13                              <2> %%_ret:
    14 00000797 C3                  <2>  ret
    15                              <2> %assign retOff %%_ret-$$
   226                              <1> 
   227                              <1> stufBuf:
   228                              <1> ;Stuffs the workLine with a line of text from memory!
   229                              <1> ;Input: rsi -> Buffer to source the stuff from
   230                              <1> ;Output: Buffer stuffed. If line too long, truncated to the first 253 chars.
   231                              <1> ;       edx = Real length of line!
   232 00000798 488D3D(67020000)    <1>     lea rdi, workLine + 2   ;Go to the start of the text portion
   233 0000079F B9FF000000          <1>     mov ecx, 255
   234 000007A4 31D2                <1>     xor edx, edx            ;Use as the char counter in the buffer
   235                              <1> .lp:
   236 000007A6 AC                  <1>     lodsb
   237 000007A7 AA                  <1>     stosb
   238 000007A8 FFC2                <1>     inc edx     ;Copied one more char over
   239 000007AA 3C0D                <1>     cmp al, CR  ;Was this a CR?
   240 000007AC 7404                <1>     je .eol     ;Exit if so
   241 000007AE FFC9                <1>     dec ecx     ;Else decrement from buffer counter
   242 000007B0 75F4                <1>     jnz .lp     ; and go again!
   243                              <1> .eol:
   244 000007B2 FFCA                <1>     dec edx     ;Drop the CR from the char count
   245 000007B4 8815(66020000)      <1>     mov byte [workLine + 1], dl ;Store the char count here
   246 000007BA 3C0D                <1>     cmp al, CR  ;Now check we are here due to having a valid EOL
   247                              <1>     rete        ;Exit if so
    49                              <2> cret e
    19                              <3> %%_base:
    20                              <3> %assign baseVar %%_base-$$
    21                              <3>  %ifdef retOff
    22                              <3>  %if (baseVar - retOff <= 126) && (baseVar > retOff)
    23                              <3>  %ifdef currSegVBase
    24                              <3>  j%+1 short (retOff+currSegVBase)
    25                              <3>  %else
    26 000007BC 74(97)              <3>  j%+1 short retOff
    27                              <3>  %endif
    28                              <3>  %else
    29                              <3>  j%-1 short %%a
    30                              <3>  return
    31                              <3> %%a:
    32                              <3>  %endif
    33                              <3>  %else
    34                              <3>  j%-1 short %%a
    35                              <3>  return
    36                              <3> %%a:
    37                              <3>  %endif
   248 000007BE FFC2                <1>     inc edx
   249                              <1> .longLine:  ;Else scan for the EOL char
   250 000007C0 AC                  <1>     lodsb   ;Get the next char
   251 000007C1 FFC2                <1>     inc edx ;Keep track of the real length of the line
   252 000007C3 3C0D                <1>     cmp al, CR
   253 000007C5 75F9                <1>     jne .longLine   ;If not CR, keep searching
   254 000007C7 48FFCF              <1>     dec rdi ;Go back to the last char position in the buffer
   255 000007CA AA                  <1>     stosb   ;Store the CR there
   256                              <1>     return  ;We stored max count in workLine+1 earlier. We are done
    13                              <2> %%_ret:
    14 000007CB C3                  <2>  ret
    15                              <2> %assign retOff %%_ret-$$
   257                              <1> 
   258                              <1> doCmdChar:
   259                              <1> ;Handles command chars that are typed into the buffer. These chars are
   260                              <1> ; ^V<CHAR> where <CHAR> has to be a UC char to be treated as a command char.
   261                              <1> ;Assumes that rsi is pointing to the start of the data portion of a command line.
   262                              <1> ;Thus:  rsi -> Input buffer
   263                              <1> ;       rsi - 1 = Number of chars typed 
   264                              <1> ;       rsi - 2 = Input buffer length
   265 000007CC FC                  <1>     cld                         ;Ensure we are searching the right way
   266 000007CD 51                  <1>     push rcx
   267 000007CE 56                  <1>     push rsi
   268 000007CF 57                  <1>     push rdi
   269 000007D0 4889F7              <1>     mov rdi, rsi                ;Copy the pointer for scanning
   270 000007D3 0FB64EFF            <1>     movzx ecx, byte [rsi - 1]   ;Get number of chars typed in to scan
   271                              <1> .lp:
   272 000007D7 67E32A              <1>     jecxz .exit                 ;No more chars to handle, exit!
   273 000007DA B816000000          <1>     mov eax, CMD                ;Scan for the ^V char in al
   274 000007DF F2AE                <1>     repne scasb
   275 000007E1 7521                <1>     jne .exit                   ;Ran out of chars to scan, exit!
   276                              <1> ;Here rdi points to the char after the quote char.
   277 000007E3 8A07                <1>     mov al, byte [rdi]  ;Get the quote char
   278 000007E5 E81E000000          <1>     call doControl  ;Convert into a control char if appropriate
   279 000007EA 8807                <1>     mov byte [rdi], al  ;Write back
   280                              <1> ;Save our position and count and pull the string up.
   281 000007EC 51                  <1>     push rcx
   282 000007ED 56                  <1>     push rsi
   283 000007EE 57                  <1>     push rdi
   284 000007EF 4889FE              <1>     mov rsi, rdi    ;Start copying from this replaced char
   285 000007F2 48FFCF              <1>     dec rdi         ;Store to the char before
   286 000007F5 FFC1                <1>     inc ecx         ;Copy over the CR too
   287 000007F7 F3A4                <1>     rep movsb
   288 000007F9 5F                  <1>     pop rdi
   289 000007FA 5E                  <1>     pop rsi
   290 000007FB 59                  <1>     pop rcx
   291 000007FC 67E305              <1>     jecxz .exit     ;If we terminated the line with a ^V<CR>, now exit
   292 000007FF FE4EFF              <1>     dec byte [rsi - 1]  ;Else drop one char from the count
   293 00000802 EBD3                <1>     jmp short .lp   ;And keep scanning
   294                              <1> .exit:
   295 00000804 5F                  <1>     pop rdi
   296 00000805 5E                  <1>     pop rsi
   297 00000806 59                  <1>     pop rcx
   298                              <1>     return
    13                              <2> %%_ret:
    14 00000807 C3                  <2>  ret
    15                              <2> %assign retOff %%_ret-$$
   299                              <1> 
   300                              <1> doControl:
   301                              <1> ;Input: al = Possible control char. This has to be an uppercase char! 
   302 00000808 50                  <1>     push rax
   303 00000809 24E0                <1>     and al, 0E0h    ;Preserve upper three bits only (not used for chars)
   304 0000080B 3C40                <1>     cmp al, 40h     ;Check if only the middle (UC) was set!
   305 0000080D 58                  <1>     pop rax
   306                              <1>     retne
    53                              <2> cret ne
    19                              <3> %%_base:
    20                              <3> %assign baseVar %%_base-$$
    21                              <3>  %ifdef retOff
    22                              <3>  %if (baseVar - retOff <= 126) && (baseVar > retOff)
    23                              <3>  %ifdef currSegVBase
    24                              <3>  j%+1 short (retOff+currSegVBase)
    25                              <3>  %else
    26 0000080E 75(07)              <3>  j%+1 short retOff
    27                              <3>  %endif
    28                              <3>  %else
    29                              <3>  j%-1 short %%a
    30                              <3>  return
    31                              <3> %%a:
    32                              <3>  %endif
    33                              <3>  %else
    34                              <3>  j%-1 short %%a
    35                              <3>  return
    36                              <3> %%a:
    37                              <3>  %endif
   307 00000810 241F                <1>     and al, asciiMask   ;Convert into a control char
   308                              <1>     return
    13                              <2> %%_ret:
    14 00000812 C3                  <2>  ret
    15                              <2> %assign retOff %%_ret-$$
   309                              <1> 
   310                              <1> checkArgOrder:
   311                              <1> ;Checks two arguments to ensure the second one is 
   312                              <1> ; greater than the first.
   313                              <1> ;Input: bx = first argument
   314                              <1> ;       word [arg2] = second argument
   315                              <1> ;Output: If it returns, its ok. Else it resets the command loop
   316 00000813 66813D(DB010000)00- <1>     cmp word [arg2], 0
   316 0000081B 00                  <1>
   317                              <1>     rete
    49                              <2> cret e
    19                              <3> %%_base:
    20                              <3> %assign baseVar %%_base-$$
    21                              <3>  %ifdef retOff
    22                              <3>  %if (baseVar - retOff <= 126) && (baseVar > retOff)
    23                              <3>  %ifdef currSegVBase
    24                              <3>  j%+1 short (retOff+currSegVBase)
    25                              <3>  %else
    26 0000081C 74(12)              <3>  j%+1 short retOff
    27                              <3>  %endif
    28                              <3>  %else
    29                              <3>  j%-1 short %%a
    30                              <3>  return
    31                              <3> %%a:
    32                              <3>  %endif
    33                              <3>  %else
    34                              <3>  j%-1 short %%a
    35                              <3>  return
    36                              <3> %%a:
    37                              <3>  %endif
   318 0000081E 663B1D(DB010000)    <1>     cmp bx, word [arg2]
   319                              <1>     retbe
    81                              <2> cret be
    19                              <3> %%_base:
    20                              <3> %assign baseVar %%_base-$$
    21                              <3>  %ifdef retOff
    22                              <3>  %if (baseVar - retOff <= 126) && (baseVar > retOff)
    23                              <3>  %ifdef currSegVBase
    24                              <3>  j%+1 short (retOff+currSegVBase)
    25                              <3>  %else
    26 00000825 76(12)              <3>  j%+1 short retOff
    27                              <3>  %endif
    28                              <3>  %else
    29                              <3>  j%-1 short %%a
    30                              <3>  return
    31                              <3> %%a:
    32                              <3>  %endif
    33                              <3>  %else
    34                              <3>  j%-1 short %%a
    35                              <3>  return
    36                              <3> %%a:
    37                              <3>  %endif
   320 00000827 58                  <1>     pop rax     ;Pop off the return address
   321 00000828 E9980E0000          <1>     jmp printComErr
   322                              <1> 
   323                              <1> makeSpace:
   324                              <1> ;Makes space for a new string in the text
   325                              <1> ;Input: rdx -> Where in the arena we will move our text
   326                              <1> ;       rdi -> First byte we will be moving
   327                              <1> ;       bx = Line number we are making space for!
   328 0000082D 488B0D(28000000)    <1>     mov rcx, qword [eofPtr]
   329 00000834 4889CE              <1>     mov rsi, rcx    ;Copy in reverse, sourcing from the EOF ptr!!    
   330 00000837 4829F9              <1>     sub rcx, rdi    ;Get the count of bytes to copy
   331 0000083A FFC1                <1>     inc ecx         ;Including EOF
   332 0000083C 4889D7              <1>     mov rdi, rdx    
   333 0000083F FD                  <1>     std
   334 00000840 F3A4                <1>     rep movsb
   335 00000842 FC                  <1>     cld
   336 00000843 4887F7              <1>     xchg rsi, rdi   ;Swap the new EOF pointer and source
   337 00000846 48FFC7              <1>     inc rdi         ;Point to the first byte of made space
   338 00000849 4889F5              <1>     mov rbp, rsi    ;Setup to fall through now
   339                              <1> setLineVars:
   340                              <1> ;Sets the current line number, pointer and the new EOF pointer
   341                              <1> ;Input: bx = Current line number
   342                              <1> ;       rdi -> Space where this line is
   343                              <1> ;       rbp -> EOF char pointer
   344 0000084C 66891D(1E000000)    <1>     mov word [curLineNum], bx
   345 00000853 48893D(20000000)    <1>     mov qword [curLinePtr], rdi
   346 0000085A 48892D(28000000)    <1>     mov qword [eofPtr], rbp
   347                              <1>     return
    13                              <2> %%_ret:
    14 00000861 C3                  <2>  ret
    15                              <2> %assign retOff %%_ret-$$
   348                              <1> 
   349                              <1> findLine:
   350                              <1> ;Given a line number, tries to find the actual line.
   351                              <1> ;Input: ebx = Line number to search for, 0 means exhaust all chars!
   352                              <1> ;Output: ZF=ZE: rdi -> Ptr to the line
   353                              <1> ;               edx = Actual line number we are at
   354                              <1> ;               eax = Line number specified
   355                              <1> ;        ZF=NZ: Line not found. (i.e. beyond last line)
   356                              <1> ;               edx = Line number past current line number
   357                              <1> ;               rdi -> End of memory space
   358 00000862 0FB715(1E000000)    <1>     movzx edx, word [curLineNum]    ;Line to start counting from
   359 00000869 488B3D(20000000)    <1>     mov rdi, qword [curLinePtr]     ;Pointer to this line
   360 00000870 39D3                <1>     cmp ebx, edx
   361                              <1>     rete    ;If we are already at the line we want to be at, return!
    49                              <2> cret e
    19                              <3> %%_base:
    20                              <3> %assign baseVar %%_base-$$
    21                              <3>  %ifdef retOff
    22                              <3>  %if (baseVar - retOff <= 126) && (baseVar > retOff)
    23                              <3>  %ifdef currSegVBase
    24                              <3>  j%+1 short (retOff+currSegVBase)
    25                              <3>  %else
    26 00000872 74(61)              <3>  j%+1 short retOff
    27                              <3>  %endif
    28                              <3>  %else
    29                              <3>  j%-1 short %%a
    30                              <3>  return
    31                              <3> %%a:
    32                              <3>  %endif
    33                              <3>  %else
    34                              <3>  j%-1 short %%a
    35                              <3>  return
    36                              <3> %%a:
    37                              <3>  %endif
   362 00000874 7714                <1>     ja .prepSearch  
   363 00000876 85DB                <1>     test ebx, ebx   ;Are we in the goto last line case?
   364 00000878 7410                <1>     jz .prepSearch
   365                              <1> ;Else, we start scanning from the start of the arena!
   366 0000087A BA01000000          <1>     mov edx, 1
   367 0000087F 488B3D(0E000000)    <1>     mov rdi, qword [memPtr] 
   368 00000886 39D3                <1>     cmp ebx, edx
   369                              <1>     rete    ;If we want to find line 1, here we are!
    49                              <2> cret e
    19                              <3> %%_base:
    20                              <3> %assign baseVar %%_base-$$
    21                              <3>  %ifdef retOff
    22                              <3>  %if (baseVar - retOff <= 126) && (baseVar > retOff)
    23                              <3>  %ifdef currSegVBase
    24                              <3>  j%+1 short (retOff+currSegVBase)
    25                              <3>  %else
    26 00000888 74(61)              <3>  j%+1 short retOff
    27                              <3>  %endif
    28                              <3>  %else
    29                              <3>  j%-1 short %%a
    30                              <3>  return
    31                              <3> %%a:
    32                              <3>  %endif
    33                              <3>  %else
    34                              <3>  j%-1 short %%a
    35                              <3>  return
    36                              <3> %%a:
    37                              <3>  %endif
   370                              <1> .prepSearch:
   371 0000088A 488B0D(28000000)    <1>     mov rcx, qword [eofPtr]
   372 00000891 4829F9              <1>     sub rcx, rdi    ;Turn ecx into count of chars left in buffer to scan
   373                              <1> findLineCore:
   374                              <1> ;Finds a line but from a presetup position as opposed to the global state!
   375                              <1> ;Input: rdi -> Line to check if it is terminated by a LF
   376                              <1> ;       ecx = Number of chars to check on
   377                              <1> ;       edx = Offset of line count to search for (line counter)
   378                              <1> ;       ebx = Count of lines to search for (0 means exhaust chars)
   379                              <1> ;Output:
   380                              <1> ;       al = LF
   381                              <1> ;       ZF=ZE: We read bx lines. rdi -> Past LF which terminated line
   382                              <1> ;       ZF=NZ: Ran out of chars
   383 00000894 B80A000000          <1>     mov eax, LF
   384                              <1> .lp:
   385 00000899 67E308              <1>     jecxz .exit ;Return w/o setting flags if we have no more chars left!
   386 0000089C F2AE                <1>     repne scasb
   387 0000089E FFC2                <1>     inc edx
   388 000008A0 39DA                <1>     cmp edx, ebx    ;Have we gone past bx lines yet?
   389 000008A2 75F5                <1>     jne .lp    ;Scan the next line if not!!
   390                              <1> .exit:
   391                              <1>     return
    13                              <2> %%_ret:
    14 000008A4 C3                  <2>  ret
    15                              <2> %assign retOff %%_ret-$$
   392                              <1> 
   393                              <1> strcpy:
   394                              <1> ;Copies a ASCIIZ string from one buffer to another. 
   395                              <1> ;Pointers don't move.
   396                              <1> ;Input: rsi -> Source Ptr
   397                              <1> ;       rdi -> Destination Ptr
   398 000008A5 56                  <1>     push rsi
   399 000008A6 57                  <1>     push rdi
   400                              <1> .cpChar:
   401 000008A7 AC                  <1>     lodsb
   402 000008A8 AA                  <1>     stosb
   403 000008A9 84C0                <1>     test al, al ;Was this a nul char?
   404 000008AB 75FA                <1>     jnz .cpChar
   405 000008AD 5F                  <1>     pop rdi
   406 000008AE 5E                  <1>     pop rsi
   407                              <1>     return
    13                              <2> %%_ret:
    14 000008AF C3                  <2>  ret
    15                              <2> %assign retOff %%_ret-$$
   408                              <1> 
   409                              <1> checkEOF:
   410                              <1> ;Checks if we are at the EOF or if we hit an EOF char in the file.
   411                              <1> ;Input: ecx = Count of bytes
   412                              <1> ;       rdi -> Ptr to the start of the region we just read into memory
   413                              <1> ;       r10 = Original requested byte count
   414                              <1> ;Output: ZF=ZE => Found EOF in file (or ecx = 0)
   415                              <1> ;        ZF=NZ => No EOF found in file!
   416                              <1> ;       ecx = Count of relevant bytes in the buffer
   417 000008B0 F605(04000000)FF    <1>     test byte [noEofChar], -1   ;If set, binary semantics!
   418 000008B7 7542                <1>     jnz .binScan
   419                              <1> ;Here we scan for ^Z char
   420 000008B9 57                  <1>     push rdi
   421 000008BA 51                  <1>     push rcx
   422 000008BB B81A000000          <1>     mov eax, EOF
   423 000008C0 85C9                <1>     test ecx, ecx   ;If ecx is 0, skip the scan! Pretend we hit an EOF
   424 000008C2 7408                <1>     jz .ascNoEof
   425 000008C4 F2AE                <1>     repne scasb
   426 000008C6 7504                <1>     jne .ascNoEof
   427 000008C8 9C                  <1>     pushfq
   428 000008C9 FFC1                <1>     inc ecx         ;Increment by 1 to include the ptr to the EOF char itself!
   429 000008CB 9D                  <1>     popfq
   430                              <1> .ascNoEof:
   431 000008CC 89CF                <1>     mov edi, ecx    ;Save the byte count in edi (rdi)
   432 000008CE 59                  <1>     pop rcx         ;Get back the original byte count!
   433 000008CF 9C                  <1>     pushfq
   434 000008D0 29F9                <1>     sub ecx, edi    ;Get the number of chars into the string we are 
   435 000008D2 9D                  <1>     popfq
   436 000008D3 5F                  <1>     pop rdi
   437                              <1> .niceExit:
   438                              <1>     retnz               ;If we are here and ZF=NZ, exit as no EOF hit
    45                              <2> cret nz
    19                              <3> %%_base:
    20                              <3> %assign baseVar %%_base-$$
    21                              <3>  %ifdef retOff
    22                              <3>  %if (baseVar - retOff <= 126) && (baseVar > retOff)
    23                              <3>  %ifdef currSegVBase
    24                              <3>  j%+1 short (retOff+currSegVBase)
    25                              <3>  %else
    26 000008D4 75(AF)              <3>  j%+1 short retOff
    27                              <3>  %endif
    28                              <3>  %else
    29                              <3>  j%-1 short %%a
    30                              <3>  return
    31                              <3> %%a:
    32                              <3>  %endif
    33                              <3>  %else
    34                              <3>  j%-1 short %%a
    35                              <3>  return
    36                              <3> %%a:
    37                              <3>  %endif
   439                              <1> ;Now we adjust the end of the file, if the end of the file was a ^Z
   440                              <1> ; so that if the last char was not an LF, we add a CRLF pair
   441 000008D6 9C                  <1>     pushfq
   442 000008D7 57                  <1>     push rdi
   443 000008D8 4801CF              <1>     add rdi, rcx    ;Go the the end of the buffer
   444 000008DB 48FFCF              <1>     dec rdi
   445 000008DE 48393D(0E000000)    <1>     cmp qword [memPtr], rdi ;Are we at the head of the buffer?
   446 000008E5 7405                <1>     je .putCRLF ;If so, forcefully place a CRLF pair
   447 000008E7 803F0A              <1>     cmp byte [rdi], LF
   448 000008EA 740C                <1>     je .exit
   449                              <1> .putCRLF:
   450 000008EC 66C747010D0A        <1>     mov word [rdi + 1], CRLF
   451 000008F2 81C102000000        <1>     add ecx, 2  ;We added two chars to the count
   452                              <1> .exit:
   453 000008F8 5F                  <1>     pop rdi
   454 000008F9 9D                  <1>     popfq
   455                              <1>     return
    13                              <2> %%_ret:
    14 000008FA C3                  <2>  ret
    15                              <2> %assign retOff %%_ret-$$
   456                              <1> .binScan:
   457                              <1> ;Here we deal with binary semantics
   458 000008FB 4439D1              <1>     cmp ecx, r10d   ;If we read less bytes than desired, check if an EOF present!
   459 000008FE 7205                <1>     jb .binLess
   460 00000900 31C0                <1>     xor eax, eax
   461 00000902 FFC0                <1>     inc eax         ;Clear ZF
   462                              <1>     return
    13                              <2> %%_ret:
    14 00000904 C3                  <2>  ret
    15                              <2> %assign retOff %%_ret-$$
   463                              <1> .binLess:
   464 00000905 67E308              <1>     jecxz .binEofExit ;If ecx = 0, just adjust end and exit!
   465 00000908 803C0F1A            <1>     cmp byte [rdi + rcx], EOF   ;Was this byte an EOF char?
   466 0000090C 7502                <1>     jne .binEofExit
   467 0000090E FFC9                <1>     dec ecx             ;Drop it from the count.
   468                              <1> .binEofExit:
   469 00000910 31C0                <1>     xor eax, eax
   470 00000912 EBC0                <1>     jmp short .niceExit
   471                              <1> 
   472                              <1> 
   473                              <1> delBkup:
   474                              <1> ;Finally, we delete the backup if it exists. If it doesn't delete
   475                              <1> ; for some reason, might be problematic later but not a big issue.
   476                              <1> ;If returns with CF=CY, know that the backup didn't delete...
   477                              <1> ;Preserves all registers!
   478 00000914 F605(39000000)FF    <1>     test byte [bkupDel], -1     ;If set, backup already deleted
   479                              <1>     retnz
    45                              <2> cret nz
    19                              <3> %%_base:
    20                              <3> %assign baseVar %%_base-$$
    21                              <3>  %ifdef retOff
    22                              <3>  %if (baseVar - retOff <= 126) && (baseVar > retOff)
    23                              <3>  %ifdef currSegVBase
    24                              <3>  j%+1 short (retOff+currSegVBase)
    25                              <3>  %else
    26 0000091B 75(04)              <3>  j%+1 short retOff
    27                              <3>  %endif
    28                              <3>  %else
    29                              <3>  j%-1 short %%a
    30                              <3>  return
    31                              <3> %%a:
    32                              <3>  %endif
    33                              <3>  %else
    34                              <3>  j%-1 short %%a
    35                              <3>  return
    36                              <3> %%a:
    37                              <3>  %endif
   480 0000091D F605(38000000)FF    <1>     test byte [modFlag], -1   ;If clear, buffer has not been modified.
   481                              <1>     retz                        
    41                              <2> cret z
    19                              <3> %%_base:
    20                              <3> %assign baseVar %%_base-$$
    21                              <3>  %ifdef retOff
    22                              <3>  %if (baseVar - retOff <= 126) && (baseVar > retOff)
    23                              <3>  %ifdef currSegVBase
    24                              <3>  j%+1 short (retOff+currSegVBase)
    25                              <3>  %else
    26 00000924 74(04)              <3>  j%+1 short retOff
    27                              <3>  %endif
    28                              <3>  %else
    29                              <3>  j%-1 short %%a
    30                              <3>  return
    31                              <3> %%a:
    32                              <3>  %endif
    33                              <3>  %else
    34                              <3>  j%-1 short %%a
    35                              <3>  return
    36                              <3> %%a:
    37                              <3>  %endif
   482 00000926 F605(03000000)FF    <1>     test byte [newFileFlag], -1 ;If the file is new then it has no backup!
   483                              <1>     retnz
    45                              <2> cret nz
    19                              <3> %%_base:
    20                              <3> %assign baseVar %%_base-$$
    21                              <3>  %ifdef retOff
    22                              <3>  %if (baseVar - retOff <= 126) && (baseVar > retOff)
    23                              <3>  %ifdef currSegVBase
    24                              <3>  j%+1 short (retOff+currSegVBase)
    25                              <3>  %else
    26 0000092D 75(04)              <3>  j%+1 short retOff
    27                              <3>  %endif
    28                              <3>  %else
    29                              <3>  j%-1 short %%a
    30                              <3>  return
    31                              <3> %%a:
    32                              <3>  %endif
    33                              <3>  %else
    34                              <3>  j%-1 short %%a
    35                              <3>  return
    36                              <3> %%a:
    37                              <3>  %endif
   484 0000092F C605(39000000)FF    <1>     mov byte [bkupDel], -1      ;Now deleting backup
   485 00000936 50                  <1>     push rax
   486 00000937 52                  <1>     push rdx
   487 00000938 57                  <1>     push rdi
   488 00000939 488B3D(46010000)    <1>     mov rdi, qword [fileExtPtr]
   489 00000940 B842414B00          <1>     mov eax, "BAK"
   490 00000945 AB                  <1>     stosd
   491 00000946 488D15(BE000000)    <1>     lea rdx, bkupfile
   492 0000094D B800410000          <1>     mov eax, 4100h
   493 00000952 CD21                <1>     int 21h
   494 00000954 5F                  <1>     pop rdi
   495 00000955 5A                  <1>     pop rdx
   496 00000956 58                  <1>     pop rax
   497                              <1>     retnc  ;Could overwrite first byte of this function with a ret 0:)
    61                              <2> cret nc
    19                              <3> %%_base:
    20                              <3> %assign baseVar %%_base-$$
    21                              <3>  %ifdef retOff
    22                              <3>  %if (baseVar - retOff <= 126) && (baseVar > retOff)
    23                              <3>  %ifdef currSegVBase
    24                              <3>  j%+1 short (retOff+currSegVBase)
    25                              <3>  %else
    26 00000957 73(04)              <3>  j%+1 short retOff
    27                              <3>  %endif
    28                              <3>  %else
    29                              <3>  j%-1 short %%a
    30                              <3>  return
    31                              <3> %%a:
    32                              <3>  %endif
    33                              <3>  %else
    34                              <3>  j%-1 short %%a
    35                              <3>  return
    36                              <3> %%a:
    37                              <3>  %endif
   498                              <1>     ;I like my idea... but no, we need the flag.
   499 00000959 488D15(1A010000)    <1>     lea rdx, badBackDel
   500 00000960 E8280C0000          <1>     call printString
   501                              <1>     retToDOS errBadBak
    94 00000965 B8044C0000          <2>  mov eax, 04C00h | %1
    95 0000096A CD21                <2>  int 21h
   502                              <1> 
   503                              <1> 
   504                              <1> parseEntry:
   505                              <1> ;Parses a single command line argument.
   506                              <1> ;. means current line
   507                              <1> ;+ means positive number offset from current line
   508                              <1> ;- means negative number offset from current line
   509                              <1> ;# means line after the last line in file ALWAYS.
   510                              <1> ; This is represented in the argument var as the 
   511                              <1> ; word 0FFFFh.
   512                              <1> ;A naked number is interpreted as a line number 
   513                              <1> ; directly.
   514                              <1> ;Maximum input value per argument: 65529
   515                              <1> ;--------------------------------------------
   516                              <1> ;Input: rsi -> String to parse
   517                              <1> ;Output: (e)bx = Value of argument
   518                              <1> ;          rsi -> First char past the end of arg
   519                              <1> ;--------------------------------------------
   520 0000096C E89F000000          <1>     call skipSpaces ;Move rsi past first non-space char and get al = First char
   521 00000971 3C2B                <1>     cmp al, "+" ;Positive offset from current line
   522 00000973 7444                <1>     je .plus
   523 00000975 3C2D                <1>     cmp al, "-" ;Negative offset from current line
   524 00000977 7454                <1>     je .minus
   525 00000979 3C2E                <1>     cmp al, "." ;Current line, advance ptr to command terminator
   526 0000097B 746E                <1>     je .dot
   527 0000097D 3C23                <1>     cmp al, "#" ;Last line (-1), advance ptr to command terminator
   528 0000097F 7478                <1>     je .pound
   529 00000981 31DB                <1>     xor ebx, ebx
   530 00000983 31C9                <1>     xor ecx, ecx
   531                              <1> .getArg:
   532 00000985 3C30                <1>     cmp al, "0"
   533 00000987 7222                <1>     jb .endOfArg
   534 00000989 3C39                <1>     cmp al, "9"
   535 0000098B 771E                <1>     ja .endOfArg
   536 0000098D 81FB99190000        <1>     cmp ebx, 0FFFFh/0Ah ;If we are gonna go above the max, fail now
   537 00000993 0F832C0D0000        <1>     jae printComErr
   538 00000999 FFC9                <1>     dec ecx ;Indicate we have a valid digit
   539 0000099B 2C30                <1>     sub al, "0"
   540 0000099D 678D1C9B            <1>     lea ebx, dword [4*ebx + ebx]    ;5*ebx
   541 000009A1 D1E3                <1>     shl ebx, 1          ;2*5*ebx = 10*ebx
   542 000009A3 0FB6C0              <1>     movzx eax, al
   543 000009A6 01C3                <1>     add ebx, eax
   544 000009A8 AC                  <1>     lodsb   ;Get the next char
   545 000009A9 EBDA                <1>     jmp short .getArg
   546                              <1> .endOfArg:
   547 000009AB 85C9                <1>     test ecx, ecx
   548                              <1>     retz    ;If no char provided, exit silently. Var already 0
    41                              <2> cret z
    19                              <3> %%_base:
    20                              <3> %assign baseVar %%_base-$$
    21                              <3>  %ifdef retOff
    22                              <3>  %if (baseVar - retOff <= 126) && (baseVar > retOff)
    23                              <3>  %ifdef currSegVBase
    24                              <3>  j%+1 short (retOff+currSegVBase)
    25                              <3>  %else
    26                              <3>  j%+1 short retOff
    27                              <3>  %endif
    28                              <3>  %else
    29 000009AD 7501                <3>  j%-1 short %%a
    30                              <3>  return
    13                              <4> %%_ret:
    14 000009AF C3                  <4>  ret
    15                              <4> %assign retOff %%_ret-$$
    31                              <3> %%a:
    32                              <3>  %endif
    33                              <3>  %else
    34                              <3>  j%-1 short %%a
    35                              <3>  return
    36                              <3> %%a:
    37                              <3>  %endif
   549 000009B0 85DB                <1>     test ebx, ebx   
   550 000009B2 0F840D0D0000        <1>     jz printComErr  ;Dont allow 0 as an argument
   551                              <1>     return
    13                              <2> %%_ret:
    14 000009B8 C3                  <2>  ret
    15                              <2> %assign retOff %%_ret-$$
   552                              <1> .plus:
   553 000009B9 E844000000          <1>     call .validSpecial
   554 000009BE E8A9FFFFFF          <1>     call parseEntry ;Now parse the entry again
   555 000009C3 0FB705(1E000000)    <1>     movzx eax, word [curLineNum]
   556 000009CA 01C3                <1>     add ebx, eax    ;Only the low word is considered!!
   557                              <1>     return
    13                              <2> %%_ret:
    14 000009CC C3                  <2>  ret
    15                              <2> %assign retOff %%_ret-$$
   558                              <1> .minus:
   559 000009CD E830000000          <1>     call .validSpecial
   560 000009D2 E895FFFFFF          <1>     call parseEntry ;Now parse the entry again, get result in ebx
   561 000009D7 0FB705(1E000000)    <1>     movzx eax, word [curLineNum]
   562 000009DE 29D8                <1>     sub eax, ebx    ;Now get the differnece and ...
   563 000009E0 89C3                <1>     mov ebx, eax    ;save the difference in ebx
   564 000009E2 B801000000          <1>     mov eax, 1
   565 000009E7 0F48D8              <1>     cmovs ebx, eax  ;If the difference is less than 0, return to line 1
   566                              <1>     return
    13                              <2> %%_ret:
    14 000009EA C3                  <2>  ret
    15                              <2> %assign retOff %%_ret-$$
   567                              <1> .dot:
   568 000009EB E812000000          <1>     call .validSpecial
   569 000009F0 0FB71D(1E000000)    <1>     movzx ebx, word [curLineNum]    ;Goto current line (starts from 1)
   570 000009F7 AC                  <1>     lodsb
   571                              <1>     return
    13                              <2> %%_ret:
    14 000009F8 C3                  <2>  ret
    15                              <2> %assign retOff %%_ret-$$
   572                              <1> .pound:
   573 000009F9 E804000000          <1>     call .validSpecial
   574 000009FE FFCB                <1>     dec ebx         ;Go to last line
   575 00000A00 AC                  <1>     lodsb
   576                              <1>     return
    13                              <2> %%_ret:
    14 00000A01 C3                  <2>  ret
    15                              <2> %assign retOff %%_ret-$$
   577                              <1> .validSpecial:
   578                              <1> ;Returns if it is a valid case to do so. Else no
   579 00000A02 803D(D8010000)04    <1>     cmp byte [argCnt], 4    ;Argument 2 is for the count
   580 00000A09 0F84B60C0000        <1>     je printComErr
   581                              <1>     return
    13                              <2> %%_ret:
    14 00000A0F C3                  <2>  ret
    15                              <2> %assign retOff %%_ret-$$
   582                              <1> 
   583                              <1> skipSpaces:
   584                              <1> ;Also skips tabs
   585                              <1> ;Input: rsi must point to the start of the data string
   586                              <1> ;Output: rsi points to the first non-space char
   587                              <1> ;           al = First non-space char
   588 00000A10 AC                  <1>     lodsb
   589 00000A11 3C20                <1>     cmp al, " "
   590 00000A13 74FB                <1>     je short skipSpaces  
   591 00000A15 3C09                <1>     cmp al, TAB
   592 00000A17 74F7                <1>     je short skipSpaces
   593                              <1>     return
    13                              <2> %%_ret:
    14 00000A19 C3                  <2>  ret
    15                              <2> %assign retOff %%_ret-$$
   594                              <1> 
   595                              <1> ;---------------------------------------------------------------------------
   596                              <1> ;                  !!!! IMPORTANT Int 23h HANDLERS !!!!
   597                              <1> ;---------------------------------------------------------------------------
   598                              <1> i23hXfr:
   599 00000A1A 0FB71D(ED040000)    <1>     movzx ebx, word [xfrHdl]
   600 00000A21 B8003E0000          <1>     mov eax, 3E00h  ;Close the handle
   601 00000A26 CD21                <1>     int 21h
   602                              <1>     ;Now reset the stack and proceed as normal
   603                              <1> i23hInsert:
   604                              <1> ;^C handler for insert!
   605 00000A28 488D25(40060000)    <1>     lea rsp, stackTop
   606 00000A2F FC                  <1>     cld
   607 00000A30 E8640B0000          <1>     call printCRLF
   608 00000A35 E848010000          <1>     call insertLine.cleanInsert ;We now reset the state of the memory
   609 00000A3A E9E4FAFFFF          <1>     jmp nextCmd     ;Now go to the next command in the command line!
   610                              <1> 
   611                              <1> i23h:
   612                              <1> ;^C handler. Reset the stack pointer and jump to get command
   613 00000A3F 488D25(40060000)    <1>     lea rsp, stackTop
   614 00000A46 FC                  <1>     cld
   615 00000A47 E84D0B0000          <1>     call printCRLF
   616 00000A4C E9CDF9FFFF          <1>     jmp getCommand  ;Now jump to get the command
    36                                  %include "./Source/edfunc.asm"
     1                              <1> ;This is where the main user selectable routines are
     2                              <1> ;All arguments specified are signed words
     3                              <1> 
     4                              <1> ;++++++++++++++++++++++++++++++++++++++++++++++++++++++++++++++++++++++
     5                              <1> ; File editing functions
     6                              <1> ;++++++++++++++++++++++++++++++++++++++++++++++++++++++++++++++++++++++
     7                              <1> 
     8                              <1> editLine:
     9                              <1> ;Displays a line and allows it to be edited
    10                              <1> ;--------------------------------------------
    11                              <1> ;Invoked by: [line]
    12                              <1> ;--------------------------------------------
    13 00000A51 803D(D8010000)01    <1>     cmp byte [argCnt], 1
    14 00000A58 0F85670C0000        <1>     jne printComErr
    15 00000A5E 48FF0D(D0010000)    <1>     dec qword [charPtr] ;Adjust ptr to point to the CR or ;
    16 00000A65 0FB71D(D9010000)    <1>     movzx ebx, word [arg1]  ;Get the line number
    17 00000A6C 85DB                <1>     test ebx, ebx
    18 00000A6E 7509                <1>     jnz .notNext
    19                              <1>     ;If 0, means next line
    20 00000A70 0FB71D(1E000000)    <1>     movzx ebx, word [curLineNum]    ;Get the current line number
    21 00000A77 FFC3                <1>     inc ebx ;and go to the next line
    22                              <1> .notNext:
    23 00000A79 E8E4FDFFFF          <1>     call findLine   ;rdi points to the end of memory selected line
    24                              <1>     ;If we return with ZF set, we proceed because we found the line,
    25                              <1>     ; else we simply return!
    26 00000A7E 668915(1E000000)    <1>     mov word [curLineNum], dx
    27 00000A85 48893D(20000000)    <1>     mov qword [curLinePtr], rdi
    28                              <1>     retnz   ;If the line specified was past the end, we return now
    45                              <2> cret nz
    19                              <3> %%_base:
    20                              <3> %assign baseVar %%_base-$$
    21                              <3>  %ifdef retOff
    22                              <3>  %if (baseVar - retOff <= 126) && (baseVar > retOff)
    23                              <3>  %ifdef currSegVBase
    24                              <3>  j%+1 short (retOff+currSegVBase)
    25                              <3>  %else
    26 00000A8C 75(19)              <3>  j%+1 short retOff
    27                              <3>  %endif
    28                              <3>  %else
    29                              <3>  j%-1 short %%a
    30                              <3>  return
    31                              <3> %%a:
    32                              <3>  %endif
    33                              <3>  %else
    34                              <3>  j%-1 short %%a
    35                              <3>  return
    36                              <3> %%a:
    37                              <3>  %endif
    29 00000A8E 483B3D(28000000)    <1>     cmp rdi, qword [eofPtr]
    30                              <1>     rete    ;Return if these are equal!
    49                              <2> cret e
    19                              <3> %%_base:
    20                              <3> %assign baseVar %%_base-$$
    21                              <3>  %ifdef retOff
    22                              <3>  %if (baseVar - retOff <= 126) && (baseVar > retOff)
    23                              <3>  %ifdef currSegVBase
    24                              <3>  j%+1 short (retOff+currSegVBase)
    25                              <3>  %else
    26 00000A95 74(19)              <3>  j%+1 short retOff
    27                              <3>  %endif
    28                              <3>  %else
    29                              <3>  j%-1 short %%a
    30                              <3>  return
    31                              <3> %%a:
    32                              <3>  %endif
    33                              <3>  %else
    34                              <3>  j%-1 short %%a
    35                              <3>  return
    36                              <3> %%a:
    37                              <3>  %endif
    31 00000A97 4889FE              <1>     mov rsi, rdi    ;Save the current line ptr on the stack
    32 00000A9A 56                  <1>     push rsi
    33 00000A9B E8F8FCFFFF          <1>     call stufBuf    ;Stuff the line pointed to by rsi into the buffer
    34 00000AA0 5E                  <1>     pop rsi         ;Get back the curLinePtr in rsi
    35 00000AA1 8915(67030000)      <1>     mov dword [workLen], edx    ;Store the real length into the var
    36 00000AA7 E8740B0000          <1>     call printLine      
    37 00000AAC E8000B0000          <1>     call printLineNum
    38 00000AB1 488D15(65020000)    <1>     lea rdx, workLine
    39 00000AB8 B8000A0000          <1>     mov eax, 0A00h  ;Edit magic woo
    40 00000ABD CD21                <1>     int 21h
    41 00000ABF E8DC0A0000          <1>     call printLF
    42 00000AC4 807A0100            <1>     cmp byte [rdx + 1], 0   ;If just a CR input, return with no edit!
    43                              <1>     retz
    41                              <2> cret z
    19                              <3> %%_base:
    20                              <3> %assign baseVar %%_base-$$
    21                              <3>  %ifdef retOff
    22                              <3>  %if (baseVar - retOff <= 126) && (baseVar > retOff)
    23                              <3>  %ifdef currSegVBase
    24                              <3>  j%+1 short (retOff+currSegVBase)
    25                              <3>  %else
    26                              <3>  j%+1 short retOff
    27                              <3>  %endif
    28                              <3>  %else
    29 00000AC8 7501                <3>  j%-1 short %%a
    30                              <3>  return
    13                              <4> %%_ret:
    14 00000ACA C3                  <4>  ret
    15                              <4> %assign retOff %%_ret-$$
    31                              <3> %%a:
    32                              <3>  %endif
    33                              <3>  %else
    34                              <3>  j%-1 short %%a
    35                              <3>  return
    36                              <3> %%a:
    37                              <3>  %endif
    44 00000ACB 488D7202            <1>     lea rsi, qword [rdx + 2]    ;Go to the string portion immediately
    45 00000ACF E8F8FCFFFF          <1>     call doCmdChar
    46 00000AD4 488B3D(20000000)    <1>     mov rdi, qword [curLinePtr] ;Point to the line we have edited
    47 00000ADB 0FB64A01            <1>     movzx ecx, byte [rdx + 1]   ;Get the adjusted string length in ecx
    48 00000ADF 8B15(67030000)      <1>     mov edx, dword [workLen]    ;Get the old line length in edx
    49 00000AE5 E960FCFFFF          <1>     jmp replaceLine
    50                              <1> 
    51                              <1> insertLine:
    52                              <1> ;Inserts a line
    53                              <1> ;--------------------------------------------
    54                              <1> ;Invoked by: [line]I
    55                              <1> ;--------------------------------------------
    56 00000AEA 803D(D8010000)01    <1>     cmp byte [argCnt], 1
    57 00000AF1 0F85CE0B0000        <1>     jne printComErr
    58 00000AF7 488D152AFFFFFF      <1>     lea rdx, i23hInsert ;Set to the insert handler
    59 00000AFE B823250000          <1>     mov eax, 2523h
    60 00000B03 CD21                <1>     int 21h
    61 00000B05 0FB71D(D9010000)    <1>     movzx ebx, word [arg1]  ;Get the line number
    62 00000B0C 85DB                <1>     test ebx, ebx
    63 00000B0E 7507                <1>     jnz .notNext
    64                              <1>     ;If 0, means next line
    65 00000B10 0FB71D(1E000000)    <1>     movzx ebx, word [curLineNum]    ;Get the current line number
    66                              <1> .notNext:
    67 00000B17 E846FDFFFF          <1>     call findLine   ;Set line number in dx and rdi -> Space in memory!
    68 00000B1C 89D3                <1>     mov ebx, edx    ;Move the actual line number into ebx
    69 00000B1E 488B15(30000000)    <1>     mov rdx, qword [endOfArena]
    70 00000B25 E803FDFFFF          <1>     call makeSpace  ;Make space to insert new line!
    71                              <1> .inLp:
    72 00000B2A E81DFDFFFF          <1>     call setLineVars
    73 00000B2F E87D0A0000          <1>     call printLineNum
    74 00000B34 488D15(65020000)    <1>     lea rdx, workLine
    75 00000B3B B8000A0000          <1>     mov eax, 0A00h  ;Full on edit mode
    76 00000B40 CD21                <1>     int 21h
    77 00000B42 E8590A0000          <1>     call printLF
    78                              <1>     ;Check if the first char in the buffer is a EOF
    79 00000B47 488D7202            <1>     lea rsi, qword [rdx + 2]    ;Go to the string portion immediately
    80 00000B4B 803E1A              <1>     cmp byte [rsi], EOF         ;Apparent EDLIN behaviour, terminate insert so!
    81 00000B4E 7432                <1>     je .cleanInsert
    82 00000B50 E877FCFFFF          <1>     call doCmdChar              ;Preserves rdi, the curLinePtr
    83 00000B55 0FB64EFF            <1>     movzx ecx, byte [rsi - 1]   ;Get the number of chars typed in
    84 00000B59 4889FA              <1>     mov rdx, rdi                
    85 00000B5C FFC1                <1>     inc ecx                     ;Make space for terminating LF too
    86 00000B5E 4801CA              <1>     add rdx, rcx                ;Check if we will go out of bounds
    87 00000B61 483B15(30000000)    <1>     cmp rdx, qword [endOfArena]
    88 00000B68 730E                <1>     jae .inBad
    89 00000B6A 4839EA              <1>     cmp rdx, rbp                ;Are we past file Eof?
    90 00000B6D 7309                <1>     jae .inBad                  ;Jump if so
    91 00000B6F F3A4                <1>     rep movsb                   ;Else copy from edit line to space made
    92 00000B71 B00A                <1>     mov al, LF
    93 00000B73 AA                  <1>     stosb                       ;Store the line feed too
    94 00000B74 FFC3                <1>     inc ebx                     ;Go to next line :)
    95 00000B76 EBB2                <1>     jmp short .inLp
    96                              <1> .inBad:
    97 00000B78 E805000000          <1>     call .cleanInsert
    98 00000B7D E93A0B0000          <1>     jmp printMemErr
    99                              <1> .cleanInsert: 
   100                              <1> ;Move the lines after the insertion point back to where they need to be :)
   101 00000B82 488B35(28000000)    <1>     mov rsi, qword [eofPtr] 
   102 00000B89 488B3D(20000000)    <1>     mov rdi, qword [curLinePtr]
   103 00000B90 488B0D(30000000)    <1>     mov rcx, qword [endOfArena]
   104 00000B97 4829F1              <1>     sub rcx, rsi    ;Get the number of bytes to copy high again
   105 00000B9A 48FFC6              <1>     inc rsi         ;Go to char past EOF to source chars from
   106 00000B9D F3A4                <1>     rep movsb
   107 00000B9F 48FFCF              <1>     dec rdi         ;Go back to the EOF char itself
   108 00000BA2 48893D(28000000)    <1>     mov qword [eofPtr], rdi
   109 00000BA9 488D158FFEFFFF      <1>     lea rdx, i23h
   110 00000BB0 B823250000          <1>     mov eax, 2523h  ;Set Interrupt handler for Int 23h
   111 00000BB5 CD21                <1>     int 21h
   112                              <1>     return
    13                              <2> %%_ret:
    14 00000BB7 C3                  <2>  ret
    15                              <2> %assign retOff %%_ret-$$
   113                              <1> 
   114                              <1> deleteLines:
   115                              <1> ;Deletes one or a range of lines
   116                              <1> ;--------------------------------------------
   117                              <1> ;Invoked by: [line][,line]D
   118                              <1> ;--------------------------------------------
   119 00000BB8 803D(D8010000)02    <1>     cmp byte [argCnt], 2
   120 00000BBF 0F87000B0000        <1>     ja printComErr
   121 00000BC5 0FB71D(D9010000)    <1>     movzx ebx, word [arg1]
   122 00000BCC 85DB                <1>     test ebx, ebx
   123 00000BCE 750E                <1>     jnz .notCur
   124 00000BD0 0FB71D(1E000000)    <1>     movzx ebx, word [curLineNum]
   125 00000BD7 66891D(D9010000)    <1>     mov word [arg1], bx ;Store it explicitly for later
   126                              <1> .notCur:
   127 00000BDE 0FB71D(DB010000)    <1>     movzx ebx, word [arg2]
   128 00000BE5 85DB                <1>     test ebx, ebx
   129 00000BE7 750E                <1>     jnz .goDel
   130 00000BE9 0FB71D(D9010000)    <1>     movzx ebx, word [arg1]     ;Use arg1 as the range end
   131 00000BF0 66891D(DB010000)    <1>     mov word [arg2], bx
   132                              <1> .goDel:
   133 00000BF7 0FB71D(D9010000)    <1>     movzx ebx, word [arg1]
   134 00000BFE E810FCFFFF          <1>     call checkArgOrder  ;Now we check if our args are ok
   135 00000C03 E85AFCFFFF          <1>     call findLine   ;If ZF=NZ, start of del not found, just return
   136                              <1>     retnz
    45                              <2> cret nz
    19                              <3> %%_base:
    20                              <3> %assign baseVar %%_base-$$
    21                              <3>  %ifdef retOff
    22                              <3>  %if (baseVar - retOff <= 126) && (baseVar > retOff)
    23                              <3>  %ifdef currSegVBase
    24                              <3>  j%+1 short (retOff+currSegVBase)
    25                              <3>  %else
    26 00000C08 75(B7)              <3>  j%+1 short retOff
    27                              <3>  %endif
    28                              <3>  %else
    29                              <3>  j%-1 short %%a
    30                              <3>  return
    31                              <3> %%a:
    32                              <3>  %endif
    33                              <3>  %else
    34                              <3>  j%-1 short %%a
    35                              <3>  return
    36                              <3> %%a:
    37                              <3>  %endif
   137 00000C0A 53                  <1>     push rbx    ;Save the line number
   138 00000C0B 57                  <1>     push rdi    ;And pointer to it
   139 00000C0C 0FB71D(DB010000)    <1>     movzx ebx, word [arg2]
   140 00000C13 FFC3                <1>     inc ebx     ;Range so end at the line after
   141 00000C15 E848FCFFFF          <1>     call findLine   ;Get the end of the copy ptr
   142 00000C1A 4889FE              <1>     mov rsi, rdi    ;Source chars from this line
   143 00000C1D 5F                  <1>     pop rdi
   144 00000C1E 5B                  <1>     pop rbx
   145 00000C1F 66891D(1E000000)    <1>     mov word [curLineNum], bx   ;Now update the line number
   146 00000C26 48893D(20000000)    <1>     mov qword [curLinePtr], rdi ;This is where we will be copying to
   147 00000C2D 488B0D(28000000)    <1>     mov rcx, qword [eofPtr]
   148 00000C34 4829F1              <1>     sub rcx, rsi    ;Get the number of chars to copy up
   149 00000C37 FFC1                <1>     inc ecx         ;Add one char for the eof char itself
   150 00000C39 FC                  <1>     cld 
   151 00000C3A F3A4                <1>     rep movsb       ;Copy the whole file up
   152 00000C3C 48FFCF              <1>     dec rdi         ;Point to the EOF char itself
   153 00000C3F 48893D(28000000)    <1>     mov qword [eofPtr], rdi
   154                              <1>     return
    13                              <2> %%_ret:
    14 00000C46 C3                  <2>  ret
    15                              <2> %assign retOff %%_ret-$$
   155                              <1> 
   156                              <1> 
   157                              <1> transferLines:
   158                              <1> ;Writes the lines specified to the specified file
   159                              <1> ;--------------------------------------------
   160                              <1> ;Invoked by: [line]T[d:]filename
   161                              <1> ;--------------------------------------------
   162 00000C47 803D(D8010000)01    <1>     cmp byte [argCnt], 1
   163 00000C4E 0F85710A0000        <1>     jne printComErr
   164 00000C54 E8B7FDFFFF          <1>     call skipSpaces ;Move rsi to the first char of the xfrspec
   165 00000C59 48FFCE              <1>     dec rsi         ;Go to the first char
   166 00000C5C 488D15(6D040000)    <1>     lea rdx, xfrName
   167 00000C63 4889D7              <1>     mov rdi, rdx
   168                              <1> .nameCp:
   169 00000C66 AC                  <1>     lodsb
   170 00000C67 3C20                <1>     cmp al, SPC
   171 00000C69 740F                <1>     je .cpOk
   172 00000C6B 3C09                <1>     cmp al, TAB
   173 00000C6D 740B                <1>     je .cpOk
   174 00000C6F 3C0D                <1>     cmp al, CR
   175 00000C71 7407                <1>     je .cpOk
   176 00000C73 3C3B                <1>     cmp al, ";"
   177 00000C75 7403                <1>     je .cpOk
   178 00000C77 AA                  <1>     stosb
   179 00000C78 EBEC                <1>     jmp short .nameCp
   180                              <1> .cpOk:
   181 00000C7A C60700              <1>     mov byte [rdi], 0   ;Store terminating null
   182 00000C7D 48FFCE              <1>     dec rsi             ;Now go to the char which terminated the copy
   183 00000C80 488935(D0010000)    <1>     mov qword [charPtr], rsi    ;And store this as the new continuation ptr
   184                              <1>     ;Open file pointed to by rdx for reading
   185 00000C87 B8203D0000          <1>     mov eax, (3Dh << 8) | ReadAccess | denyWriteShare
   186 00000C8C CD21                <1>     int 21h
   187 00000C8E 731B                <1>     jnc .fileOpen
   188 00000C90 663D0200            <1>     cmp ax, errFnf
   189 00000C94 488D15(8D000000)    <1>     lea rdx, badFindStr ;String for if the file is not found
   190 00000C9B 488D1D(71000000)    <1>     lea rbx, badDrvStr  ;Else just say drive or fnf!
   191 00000CA2 480F45D3            <1>     cmovne rdx, rbx
   192 00000CA6 E9210A0000          <1>     jmp printErr    ;Print the string in rdx
   193                              <1> .fileOpen:
   194 00000CAB 668905(ED040000)    <1>     mov word [xfrHdl], ax   ;Save the handle
   195                              <1>     ;Transfer lines works like insert lines, in that it is inserting lines
   196                              <1>     ; but from a separate file. We therefore set up a custom ^C handler 
   197                              <1>     ; and cleanup like insert if it is invoked!
   198 00000CB2 B823250000          <1>     mov eax, 2523h  ;Setup int 23h for xfr
   199 00000CB7 488D155CFDFFFF      <1>     lea rdx, i23hXfr
   200 00000CBE CD21                <1>     int 21h
   201 00000CC0 0FB71D(D9010000)    <1>     movzx ebx, word [arg1]
   202 00000CC7 85DB                <1>     test ebx, ebx
   203 00000CC9 7507                <1>     jnz .notCur
   204 00000CCB 0FB71D(1E000000)    <1>     movzx ebx, word [curLineNum]    ;Get the current line number ptr
   205                              <1> .notCur:
   206 00000CD2 E88BFBFFFF          <1>     call findLine   ;Get actual line number in dx, and ptr in rdi
   207 00000CD7 89D3                <1>     mov ebx, edx
   208 00000CD9 488B15(30000000)    <1>     mov rdx, qword [endOfArena]     ;Copy to the end of the arena
   209 00000CE0 E848FBFFFF          <1>     call makeSpace  ;And jiggle it over
   210 00000CE5 488B15(20000000)    <1>     mov rdx, qword [curLinePtr] ;Read data into here now
   211 00000CEC 488B0D(28000000)    <1>     mov rcx, qword [eofPtr]
   212 00000CF3 29D1                <1>     sub ecx, edx    ;Get the number of chars of space we have to read in
   213 00000CF5 51                  <1>     push rcx
   214 00000CF6 B8003F0000          <1>     mov eax, 3F00h
   215 00000CFB 0FB71D(ED040000)    <1>     movzx ebx, word [xfrHdl]
   216 00000D02 CD21                <1>     int 21h
   217 00000D04 5A                  <1>     pop rdx     ;Get the count back into rdx
   218 00000D05 89C1                <1>     mov ecx, eax    ;Move the count into ecx
   219 00000D07 39C2                <1>     cmp edx, eax
   220 00000D09 7713                <1>     ja .fullXfr
   221                              <1>     ;We copied exactly the size of the arena, assume this means the whole 
   222                              <1>     ; file may not have been copied. We still proceed though
   223 00000D0B 488D15(93010000)    <1>     lea rdx, badMergeStr
   224 00000D12 488B0D(20000000)    <1>     mov rcx, qword [curLinePtr]
   225 00000D19 E915000000          <1>     jmp .endXfr
   226                              <1> .fullXfr:
   227 00000D1E 48030D(20000000)    <1>     add rcx, qword [curLinePtr] ;Turn into offset from start of line
   228 00000D25 4889CE              <1>     mov rsi, rcx
   229 00000D28 48FFCE              <1>     dec rsi ;Go to the last char we read in
   230 00000D2B AC                  <1>     lodsb
   231 00000D2C 3C1A                <1>     cmp al, EOF
   232 00000D2E 7503                <1>     jne .endXfr
   233 00000D30 48FFC9              <1>     dec rcx ;Drop a byte
   234                              <1> .endXfr:
   235 00000D33 4889CF              <1>     mov rdi, rcx        ;Copy to the curLinePtr pos
   236 00000D36 488B35(28000000)    <1>     mov rsi, qword [eofPtr]
   237 00000D3D 48FFC6              <1>     inc rsi             ;Start copying from the stored data past the eofPtr
   238 00000D40 488B0D(30000000)    <1>     mov rcx, qword [endOfArena]
   239 00000D47 4829F1              <1>     sub rcx, rsi
   240 00000D4A FFC1                <1>     inc ecx             ;Add EOF char to the count
   241 00000D4C F3A4                <1>     rep movsb
   242 00000D4E 48FFCF              <1>     dec rdi             ;Go back to the EOF char
   243 00000D51 48893D(28000000)    <1>     mov qword [eofPtr], rdi
   244 00000D58 0FB71D(ED040000)    <1>     movzx ebx, word [xfrHdl]
   245 00000D5F B8003E0000          <1>     mov eax, 3E00h      ;Close handle!
   246 00000D64 CD21                <1>     int 21h
   247                              <1>     return
    13                              <2> %%_ret:
    14 00000D66 C3                  <2>  ret
    15                              <2> %assign retOff %%_ret-$$
   248                              <1> 
   249                              <1> 
   250                              <1> ;++++++++++++++++++++++++++++++++++++++++++++++++++++++++++++++++++++++
   251                              <1> ; File block moving functions (copying and cutting and pasting)
   252                              <1> ;++++++++++++++++++++++++++++++++++++++++++++++++++++++++++++++++++++++
   253                              <1> ;Both following functions need 3 arguments, but empty args are permitted!
   254                              <1> moveLines:
   255                              <1> ;Moves a block of lines elsewhere (non overlapping moves only)
   256                              <1> ;--------------------------------------------
   257                              <1> ;Invoked by: [line],[line],lineM
   258                              <1> ;--------------------------------------------
   259 00000D67 803D(D8010000)03    <1>     cmp byte [argCnt], 3
   260 00000D6E 0F8551090000        <1>     jne printComErr
   261 00000D74 C605(EF040000)FF    <1>     mov byte [movCpFlg], -1
   262 00000D7B E914000000          <1>     jmp copyLines.common
   263                              <1> copyLines:
   264                              <1> ;Duplicates a line or a range of lines to a position specifed 
   265                              <1> ;   (non-overlapping) 
   266                              <1> ;--------------------------------------------
   267                              <1> ;Invoked by: [line],[line],line[,count]C
   268                              <1> ;--------------------------------------------
   269 00000D80 803D(D8010000)03    <1>     cmp byte [argCnt], 3    ;This can be 3 or 4 arguments!
   270 00000D87 0F8238090000        <1>     jb printComErr
   271 00000D8D C605(EF040000)00    <1>     mov byte [movCpFlg], 0
   272                              <1> .common:
   273                              <1> ;arg1 = Start line of range for copy, default to current line
   274                              <1> ;arg2 = End line of range for copy, default to line after current line
   275                              <1> ;arg3 = Line to place it at, no default, cant be 0!
   276                              <1> ;arg4 = Number of times to consecutively repeat the copy (copy only)
   277 00000D94 0FB71D(DD010000)    <1>     movzx ebx, word [arg3]  ;Check the mandatory argument
   278 00000D9B 85DB                <1>     test ebx, ebx   ;Are we 0?
   279 00000D9D 488D15(61020000)    <1>     lea rdx, badDestStr
   280 00000DA4 0F8422090000        <1>     jz printErr
   281 00000DAA 0FB71D(D9010000)    <1>     movzx ebx, word [arg1]
   282 00000DB1 85DB                <1>     test ebx, ebx
   283 00000DB3 7513                <1>     jnz .gotStart
   284 00000DB5 0FB71D(1E000000)    <1>     movzx ebx, word [curLineNum]
   285 00000DBC E852FAFFFF          <1>     call checkArgOrder  ;Check that this is before arg2
   286 00000DC1 66891D(D9010000)    <1>     mov word [arg1], bx
   287                              <1> .gotStart:
   288 00000DC8 E895FAFFFF          <1>     call findLine   ;Get in rdi the ptr to the first argument
   289 00000DCD 0F85F2080000        <1>     jnz printComErr ;If the line is not found, we gotta complain!
   290 00000DD3 48893D(F0040000)    <1>     mov qword [blkPtrSrc], rdi  ;Save the ptr to the line!
   291 00000DDA 0FB71D(DB010000)    <1>     movzx ebx, word [arg2]
   292 00000DE1 85DB                <1>     test ebx, ebx
   293 00000DE3 750E                <1>     jnz .gotEnd
   294                              <1>     ;Set the default line!
   295 00000DE5 0FB71D(1E000000)    <1>     movzx ebx, word [curLineNum] 
   296 00000DEC 66891D(DB010000)    <1>     mov word [arg2], bx
   297                              <1> .gotEnd:
   298 00000DF3 53                  <1>     push rbx            ;Save this line number
   299 00000DF4 E869FAFFFF          <1>     call findLine       ;Ensure the line in bx exists
   300 00000DF9 5B                  <1>     pop rbx
   301 00000DFA 0F85C5080000        <1>     jnz printComErr     ;Again, if the line not found, complain!
   302 00000E00 FFC3                <1>     inc ebx             ;Now increment the line number to get line after
   303 00000E02 E85BFAFFFF          <1>     call findLine   ;This can be end of arena since this is end of copy blk
   304 00000E07 48893D(F8040000)    <1>     mov qword [blkPtrEnd], rdi     
   305                              <1> ;We mightve changed the second argument so double check it!
   306 00000E0E 0FB71D(D9010000)    <1>     movzx ebx, word [arg1]
   307 00000E15 663B1D(DB010000)    <1>     cmp bx, word [arg2]
   308 00000E1C 0F87A3080000        <1>     ja printComErr
   309                              <1> ;Now we check against the third line. It must not be in the range 
   310                              <1> ; specified, else error (cannot overlap copies or moves!!!)
   311 00000E22 0FB71D(DD010000)    <1>     movzx ebx, word [arg3]    ;Get the storage line
   312 00000E29 663B1D(D9010000)    <1>     cmp bx, word [arg1]     ;arg3 <= arg1?
   313 00000E30 760D                <1>     jbe .argsOk
   314 00000E32 663B1D(DB010000)    <1>     cmp bx, word [arg2]     ;arg3 > arg2 ?
   315 00000E39 0F8686080000        <1>     jbe printComErr
   316                              <1> .argsOk:
   317 00000E3F 488B0D(F8040000)    <1>     mov rcx, qword [blkPtrEnd]
   318 00000E46 482B0D(F0040000)    <1>     sub rcx, qword [blkPtrSrc]  ;Get the size of one block that we will move
   319 00000E4D 890D(08050000)      <1>     mov dword [blkSize], ecx
   320 00000E53 0FB705(DF010000)    <1>     movzx eax, word [arg4]      ;Get the count length
   321 00000E5A 85C0                <1>     test eax, eax
   322 00000E5C 750E                <1>     jnz .havCnt                 ;We have a given count
   323 00000E5E B801000000          <1>     mov eax, 1                  ;Else, default to 1
   324 00000E63 668905(DF010000)    <1>     mov word [arg4], ax
   325 00000E6A EB0C                <1>     jmp short .noCount          ;ecx has the copysize, skip the multiply!
   326                              <1> .havCnt:
   327                              <1> ;Here we compute the copySize as a multiple of blkSize
   328 00000E6C F7E1                <1>     mul ecx
   329 00000E6E 85D2                <1>     test edx, edx   ;Is this larger than a dword (should never happen!)
   330 00000E70 0F8546080000        <1>     jnz printMemErr ;Bad count argument!!
   331 00000E76 89C1                <1>     mov ecx, eax    ;Make ecx the size of the copy
   332                              <1> .noCount:
   333 00000E78 890D(0C050000)      <1>     mov dword [copySize], ecx
   334                              <1> ;Now, can we fit our new section of text in memory?
   335 00000E7E 488B1D(28000000)    <1>     mov rbx, qword [eofPtr]
   336 00000E85 488B15(30000000)    <1>     mov rdx, qword [endOfArena]
   337 00000E8C 4829DA              <1>     sub rdx, rbx
   338 00000E8F 39CA                <1>     cmp edx, ecx
   339 00000E91 0F8225080000        <1>     jb printMemErr  ;Insufficient memory error!!
   340                              <1> ;Finally, get the line we will place copy at!
   341 00000E97 0FB71D(DD010000)    <1>     movzx ebx, word [arg3]
   342 00000E9E E8BFF9FFFF          <1>     call findLine
   343 00000EA3 48893D(00050000)    <1>     mov qword [cpyPtrDest], rdi ;Now save ptr to the line we copy to!
   344                              <1> ;Now make space for one load of the copy
   345 00000EAA 488B35(28000000)    <1>     mov rsi, qword [eofPtr]
   346 00000EB1 4889F1              <1>     mov rcx, rsi
   347 00000EB4 4829F9              <1>     sub rcx, rdi    ;Get the number of bytes we will shift
   348 00000EB7 FFC1                <1>     inc ecx         ;Add EOF
   349 00000EB9 4889F7              <1>     mov rdi, rsi    ;This is the destination
   350 00000EBC 8B05(0C050000)      <1>     mov eax, dword [copySize]
   351 00000EC2 4801C7              <1>     add rdi, rax    ;Go to the destination
   352 00000EC5 48893D(28000000)    <1>     mov qword [eofPtr], rdi ;This is the new eof position!
   353 00000ECC FD                  <1>     std
   354 00000ECD F3A4                <1>     rep movsb   ;Now copy in reverse :)
   355 00000ECF FC                  <1>     cld
   356                              <1> ;Adjust blkPtrs if they were in this region.
   357 00000ED0 488B1D(00050000)    <1>     mov rbx, qword [cpyPtrDest]
   358 00000ED7 483B1D(F0040000)    <1>     cmp rbx, qword [blkPtrSrc]
   359 00000EDE 7714                <1>     ja .ptrsOk
   360 00000EE0 8B0D(0C050000)      <1>     mov ecx, dword [copySize]    ;Add this amount to the ptrs
   361 00000EE6 48010D(F0040000)    <1>     add qword [blkPtrSrc], rcx
   362 00000EED 48010D(F8040000)    <1>     add qword [blkPtrEnd], rcx
   363                              <1> .ptrsOk:
   364 00000EF4 0FB71D(DF010000)    <1>     movzx ebx, word [arg4]  ;Get adjusted count to use as counter
   365 00000EFB 488B3D(00050000)    <1>     mov rdi, qword [cpyPtrDest] ;Write to here!
   366                              <1> .cpLp:
   367 00000F02 8B0D(08050000)      <1>     mov ecx, dword [blkSize]
   368 00000F08 488B35(F0040000)    <1>     mov rsi, qword [blkPtrSrc]  ;Start the copy from here
   369 00000F0F F3A4                <1>     rep movsb
   370 00000F11 FFCB                <1>     dec ebx
   371 00000F13 75ED                <1>     jnz .cpLp   ;If this is zero, finish!
   372 00000F15 803D(EF040000)00    <1>     cmp byte [movCpFlg], 0  ;Was this a move or a copy?
   373 00000F1C 744F                <1>     je .copyDone
   374                              <1> ;Now pull everything back over the source of the move
   375 00000F1E 488B3D(F0040000)    <1>     mov rdi, qword [blkPtrSrc]
   376 00000F25 488B35(F8040000)    <1>     mov rsi, qword [blkPtrEnd]
   377 00000F2C 488B0D(28000000)    <1>     mov rcx, qword [eofPtr]
   378 00000F33 4829F1              <1>     sub rcx, rsi    ;Get the number of bytes to move 
   379 00000F36 48FFC1              <1>     inc rcx         ;Include EOF
   380 00000F39 F3A4                <1>     rep movsb
   381 00000F3B 48FFCF              <1>     dec rdi         ;Go back to the EOF char itself
   382 00000F3E 48893D(28000000)    <1>     mov qword [eofPtr], rdi
   383 00000F45 0FB71D(DD010000)    <1>     movzx ebx, word [arg3]
   384 00000F4C 663B1D(D9010000)    <1>     cmp bx, word [arg1] ;Was this in the range of the move?
   385 00000F53 7618                <1>     jbe .copyDone
   386                              <1>     ;If it was, add the difference - 1
   387 00000F55 66031D(D9010000)    <1>     add bx, word [arg1]
   388 00000F5C 662B1D(DB010000)    <1>     sub bx, word [arg2]
   389 00000F63 66FFCB              <1>     dec bx 
   390 00000F66 66891D(DD010000)    <1>     mov word [arg3], bx
   391                              <1> .copyDone:
   392 00000F6D 0FB71D(DD010000)    <1>     movzx ebx, word [arg3]
   393 00000F74 E8E9F8FFFF          <1>     call findLine
   394 00000F79 48893D(20000000)    <1>     mov qword [curLinePtr], rdi
   395 00000F80 66891D(1E000000)    <1>     mov word [curLineNum], bx
   396                              <1>     return
    13                              <2> %%_ret:
    14 00000F87 C3                  <2>  ret
    15                              <2> %assign retOff %%_ret-$$
   397                              <1> 
   398                              <1> ;++++++++++++++++++++++++++++++++++++++++++++++++++++++++++++++++++++++
   399                              <1> ; File searching functions
   400                              <1> ;++++++++++++++++++++++++++++++++++++++++++++++++++++++++++++++++++++++
   401                              <1> 
   402                              <1> searchText:
   403                              <1> ;Searches text for a string
   404                              <1> ;--------------------------------------------
   405                              <1> ;Invoked by: [line][,line][?]S[string]
   406                              <1> ;--------------------------------------------
   407 00000F88 803D(D8010000)02    <1>     cmp byte [argCnt], 2
   408 00000F8F 0F8730070000        <1>     ja printComErr
   409 00000F95 C605(10050000)01    <1>     mov byte [srchMode], 1      ;Search from current line + 1
   410 00000F9C C605(11050000)01    <1>     mov byte [findMod], 1       ;Set that we are searching!
   411 00000FA3 E804F6FFFF          <1>     call findFirst
   412 00000FA8 0F8505070000        <1>     jnz printLineNotFoundErr
   413                              <1> .lp:
   414 00000FAE 488B35(1F050000)    <1>     mov rsi, qword [fndLinePtr]
   415 00000FB5 0FB71D(27050000)    <1>     movzx ebx, word [fndLineNum]
   416 00000FBC E85F060000          <1>     call printLine      ;Print this line!
   417 00000FC1 488B3D(17050000)    <1>     mov rdi, qword [fndStrPtr]
   418 00000FC8 8B0D(29050000)      <1>     mov ecx, dword [fndSrchLen]
   419 00000FCE B00A                <1>     mov al, LF
   420 00000FD0 F2AE                <1>     repne scasb
   421 00000FD2 0F85DB060000        <1>     jne printLineNotFoundErr
   422 00000FD8 48893D(17050000)    <1>     mov qword [fndStrPtr], rdi
   423 00000FDF 48893D(1F050000)    <1>     mov qword [fndLinePtr], rdi
   424 00000FE6 890D(29050000)      <1>     mov dword [fndSrchLen], ecx ;Remaining count for search region
   425 00000FEC 66FF05(27050000)    <1>     inc word [fndLineNum]   ;Goto next line now!
   426 00000FF3 E87CF5FFFF          <1>     call okPrompt
   427 00000FF8 740D                <1>     jz findSetLine
   428 00000FFA E891F6FFFF          <1>     call findNext
   429 00000FFF 0F85AE060000        <1>     jnz printLineNotFoundErr    ;If no more found, print error message!
   430 00001005 EBA7                <1>     jmp short .lp   ;Else, output it and loop again
   431                              <1> 
   432                              <1> findSetLine:
   433 00001007 0FB71D(27050000)    <1>     movzx ebx, word [fndLineNum]
   434 0000100E 803D(11050000)00    <1>     cmp byte [findMod], 0   ;If we are search, we need to decrement
   435 00001015 7402                <1>     je .main
   436 00001017 FFCB                <1>     dec ebx ;Advance from current line to the last line we found on!
   437                              <1> .main:
   438 00001019 E844F8FFFF          <1>     call findLine
   439 0000101E 66891D(1E000000)    <1>     mov word [curLineNum], bx
   440 00001025 48893D(20000000)    <1>     mov qword [curLinePtr], rdi
   441                              <1>     return
    13                              <2> %%_ret:
    14 0000102C C3                  <2>  ret
    15                              <2> %assign retOff %%_ret-$$
   442                              <1> 
   443                              <1> replaceText:
   444                              <1> ;Replaces all matching strings with specified string (NO REGEX)
   445                              <1> ;--------------------------------------------
   446                              <1> ;Invoked by: [line][,line][?]R[string]<EOF>[string]
   447                              <1> ;--------------------------------------------
   448 0000102D 803D(D8010000)02    <1>     cmp byte [argCnt], 2
   449 00001034 0F878B060000        <1>     ja printComErr
   450 0000103A C605(10050000)01    <1>     mov byte [srchMode], 1  ;Search by default from current line + 1
   451 00001041 C605(11050000)00    <1>     mov byte [findMod], 0   ;Set that we are replacing the string!
   452 00001048 E85FF5FFFF          <1>     call findFirst
   453 0000104D 0F8560060000        <1>     jnz printLineNotFoundErr
   454                              <1> .lp:
   455 00001053 488B35(1F050000)    <1>     mov rsi, qword [fndLinePtr]
   456 0000105A E839F7FFFF          <1>     call stufBuf    ;Get the line length in edx
   457 0000105F 0FB70D(13050000)    <1>     movzx ecx, word [fndLenOld]
   458 00001066 29CA                <1>     sub edx, ecx
   459 00001068 0FB70D(15050000)    <1>     movzx ecx, word [fndLenNew]
   460 0000106F 01CA                <1>     add edx, ecx
   461 00001071 81FAFE000000        <1>     cmp edx, 254
   462 00001077 0F87C0000000        <1>     ja .tooLong
   463 0000107D 0FB71D(27050000)    <1>     movzx ebx, word [fndLineNum]
   464 00001084 52                  <1>     push rdx    ;Save the line length
   465 00001085 E827050000          <1>     call printLineNum   ;Print the line number in ebx
   466 0000108A 5A                  <1>     pop rdx
   467                              <1>     ;Now build the new string in the buffer to print as a replacement
   468 0000108B 488B0D(17050000)    <1>     mov rcx, qword [fndStrPtr]
   469 00001092 488B35(1F050000)    <1>     mov rsi, qword [fndLinePtr]
   470 00001099 4829F1              <1>     sub rcx, rsi    ;Get the number of chars into the line our string is at
   471 0000109C 48FFC9              <1>     dec rcx         ;Drop the first char of the string we will replace
   472 0000109F 488D3D(6B030000)    <1>     lea rdi, spareLine  ;Build the new line in this buffer 
   473 000010A6 E89E000000          <1>     call .cpyString
   474 000010AB 56                  <1>     push rsi
   475 000010AC 488D35(AF050000)    <1>     lea rsi, fndString2 + 1
   476 000010B3 0FB70D(15050000)    <1>     movzx ecx, word [fndLenNew]
   477 000010BA E88A000000          <1>     call .cpyString
   478 000010BF 5E                  <1>     pop rsi
   479 000010C0 0FB70D(13050000)    <1>     movzx ecx, word [fndLenOld]
   480 000010C7 4801CE              <1>     add rsi, rcx
   481 000010CA 89D1                <1>     mov ecx, edx    ;Move the remaining chars count into ecx
   482 000010CC 81C102000000        <1>     add ecx, 2      ;Add 2 for the CR/LF
   483 000010D2 E872000000          <1>     call .cpyString ;Write the last part of the line in
   484 000010D7 31C0                <1>     xor eax, eax
   485 000010D9 AA                  <1>     stosb           ;Store the null terminator too
   486 000010DA E8BE050000          <1>     call prnAsciiz
   487 000010DF E890F4FFFF          <1>     call okPrompt
   488 000010E4 754A                <1>     jnz .gotoNext
   489 000010E6 E81CFFFFFF          <1>     call findSetLine
   490 000010EB 488B3D(17050000)    <1>     mov rdi, qword [fndStrPtr]
   491 000010F2 48FFCF              <1>     dec rdi
   492 000010F5 488D35(AF050000)    <1>     lea rsi, fndString2 + 1
   493 000010FC 0FB715(13050000)    <1>     movzx edx, word [fndLenOld]
   494 00001103 0FB70D(15050000)    <1>     movzx ecx, word [fndLenNew]
   495 0000110A FFC9                <1>     dec ecx
   496 0000110C 48010D(17050000)    <1>     add qword [fndStrPtr], rcx  ;Go to the end of the found string
   497 00001113 FFC1                <1>     inc ecx
   498 00001115 FFCA                <1>     dec edx
   499 00001117 2915(29050000)      <1>     sub dword [fndSrchLen], edx ;
   500 0000111D 730A                <1>     jae .overspill
   501 0000111F C705(29050000)0000- <1>     mov dword [fndSrchLen], 0
   501 00001127 0000                <1>
   502                              <1> .overspill:
   503 00001129 FFC2                <1>     inc edx
   504 0000112B E81AF6FFFF          <1>     call replaceLine
   505                              <1> .gotoNext:
   506 00001130 E85BF5FFFF          <1>     call findNext
   507                              <1>     retnz
    45                              <2> cret nz
    19                              <3> %%_base:
    20                              <3> %assign baseVar %%_base-$$
    21                              <3>  %ifdef retOff
    22                              <3>  %if (baseVar - retOff <= 126) && (baseVar > retOff)
    23                              <3>  %ifdef currSegVBase
    24                              <3>  j%+1 short (retOff+currSegVBase)
    25                              <3>  %else
    26                              <3>  j%+1 short retOff
    27                              <3>  %endif
    28                              <3>  %else
    29 00001135 7401                <3>  j%-1 short %%a
    30                              <3>  return
    13                              <4> %%_ret:
    14 00001137 C3                  <4>  ret
    15                              <4> %assign retOff %%_ret-$$
    31                              <3> %%a:
    32                              <3>  %endif
    33                              <3>  %else
    34                              <3>  j%-1 short %%a
    35                              <3>  return
    36                              <3> %%a:
    37                              <3>  %endif
   508 00001138 E916FFFFFF          <1>     jmp .lp
   509                              <1> .tooLong:
   510 0000113D 488D15(94020000)    <1>     lea rdx, badLineLen
   511 00001144 E983050000          <1>     jmp printErr
   512                              <1> .cpyString:
   513                              <1> ;Copies a string, ensures we have the last char in al when we return
   514                              <1> ;Copies ecx number of chars
   515 00001149 85C9                <1>     test ecx, ecx
   516                              <1>     retz
    41                              <2> cret z
    19                              <3> %%_base:
    20                              <3> %assign baseVar %%_base-$$
    21                              <3>  %ifdef retOff
    22                              <3>  %if (baseVar - retOff <= 126) && (baseVar > retOff)
    23                              <3>  %ifdef currSegVBase
    24                              <3>  j%+1 short (retOff+currSegVBase)
    25                              <3>  %else
    26 0000114B 74(37)              <3>  j%+1 short retOff
    27                              <3>  %endif
    28                              <3>  %else
    29                              <3>  j%-1 short %%a
    30                              <3>  return
    31                              <3> %%a:
    32                              <3>  %endif
    33                              <3>  %else
    34                              <3>  j%-1 short %%a
    35                              <3>  return
    36                              <3> %%a:
    37                              <3>  %endif
   517                              <1> .cpsLp:
   518 0000114D AC                  <1>     lodsb
   519 0000114E AA                  <1>     stosb
   520 0000114F FFCA                <1>     dec edx ;Decrement total line length
   521 00001151 FFC9                <1>     dec ecx ;Decrement line portion length
   522 00001153 75F8                <1>     jnz .cpsLp
   523                              <1>     return
    13                              <2> %%_ret:
    14 00001155 C3                  <2>  ret
    15                              <2> %assign retOff %%_ret-$$
   524                              <1> 
   525                              <1> ;++++++++++++++++++++++++++++++++++++++++++++++++++++++++++++++++++++++
   526                              <1> ; File listing functions
   527                              <1> ;++++++++++++++++++++++++++++++++++++++++++++++++++++++++++++++++++++++
   528                              <1> 
   529                              <1> listLines:
   530                              <1> ;Prints a line or a number of lines.
   531                              <1> ;Defaults to from current line print 23 lines.
   532                              <1> ;Doesnt change the current line!
   533                              <1> ;--------------------------------------------
   534                              <1> ;Invoked by: [line][,line]L
   535                              <1> ;--------------------------------------------
   536 00001156 803D(D8010000)02    <1>     cmp byte [argCnt], 2
   537 0000115D 0F8762050000        <1>     ja printComErr
   538 00001163 0FB71D(D9010000)    <1>     movzx ebx, word [arg1]
   539 0000116A 85DB                <1>     test ebx, ebx
   540 0000116C 7514                <1>     jnz .notCur ;If not the default, we do as told
   541                              <1>     ;Else, default behaviour
   542 0000116E 0FB71D(1E000000)    <1>     movzx ebx, word [curLineNum]
   543 00001175 81EB0B000000        <1>     sub ebx, 11 ;Start printing 11 lines before the current line!
   544 0000117B 7705                <1>     ja .notCur  
   545 0000117D BB01000000          <1>     mov ebx, 1
   546                              <1> .notCur:
   547 00001182 E8DBF6FFFF          <1>     call findLine
   548                              <1>     retnz   ;Return if the line not found!
    45                              <2> cret nz
    19                              <3> %%_base:
    20                              <3> %assign baseVar %%_base-$$
    21                              <3>  %ifdef retOff
    22                              <3>  %if (baseVar - retOff <= 126) && (baseVar > retOff)
    23                              <3>  %ifdef currSegVBase
    24                              <3>  j%+1 short (retOff+currSegVBase)
    25                              <3>  %else
    26 00001187 75(55)              <3>  j%+1 short retOff
    27                              <3>  %endif
    28                              <3>  %else
    29                              <3>  j%-1 short %%a
    30                              <3>  return
    31                              <3> %%a:
    32                              <3>  %endif
    33                              <3>  %else
    34                              <3>  j%-1 short %%a
    35                              <3>  return
    36                              <3> %%a:
    37                              <3>  %endif
   549 00001189 4889FE              <1>     mov rsi, rdi
   550 0000118C 0FB73D(DB010000)    <1>     movzx edi, word [arg2]  ;Get the last line to print
   551 00001193 FFC7                <1>     inc edi
   552 00001195 29DF                <1>     sub edi, ebx            ;Get the difference!
   553 00001197 0F8788040000        <1>     ja printLines   
   554 0000119D BF17000000          <1>     mov edi, 23     ;Else the default
   555 000011A2 E97E040000          <1>     jmp printLines  ;Return through printLines!
   556                              <1> 
   557                              <1> pageLines:
   558                              <1> ;Prints a page of lines
   559                              <1> ;Defaults to from current line to print 23 lines
   560                              <1> ;Changes the current line to the last line printed!
   561                              <1> ;--------------------------------------------
   562                              <1> ;Invoked by: [line][,line]P
   563                              <1> ;--------------------------------------------
   564 000011A7 803D(D8010000)02    <1>     cmp byte [argCnt], 2
   565 000011AE 0F8711050000        <1>     ja printComErr
   566 000011B4 31DB                <1>     xor ebx, ebx    ;Set the pointer to the end of the file firstly
   567 000011B6 E8A7F6FFFF          <1>     call findLine   
   568                              <1>     ;Use r10 to keep track of the last line in the file that we will set
   569 000011BB 4989D2              <1>     mov r10, rdx
   570 000011BE 0FB71D(D9010000)    <1>     movzx ebx, word [arg1]
   571 000011C5 85DB                <1>     test ebx, ebx
   572 000011C7 7511                <1>     jnz .notCur
   573 000011C9 0FB71D(1E000000)    <1>     movzx ebx, word [curLineNum]
   574 000011D0 81FB01000000        <1>     cmp ebx, 1  ;If the first line is 1, keep it there
   575 000011D6 7402                <1>     je .notCur
   576 000011D8 FFC3                <1>     inc ebx     ;Else go to the line after
   577                              <1> .notCur:
   578 000011DA 4C39D3              <1>     cmp rbx, r10
   579                              <1>     reta    ;If we specify past the last line, do nothing
    73                              <2> cret a
    19                              <3> %%_base:
    20                              <3> %assign baseVar %%_base-$$
    21                              <3>  %ifdef retOff
    22                              <3>  %if (baseVar - retOff <= 126) && (baseVar > retOff)
    23                              <3>  %ifdef currSegVBase
    24                              <3>  j%+1 short (retOff+currSegVBase)
    25                              <3>  %else
    26                              <3>  j%+1 short retOff
    27                              <3>  %endif
    28                              <3>  %else
    29 000011DD 7601                <3>  j%-1 short %%a
    30                              <3>  return
    13                              <4> %%_ret:
    14 000011DF C3                  <4>  ret
    15                              <4> %assign retOff %%_ret-$$
    31                              <3> %%a:
    32                              <3>  %endif
    33                              <3>  %else
    34                              <3>  j%-1 short %%a
    35                              <3>  return
    36                              <3> %%a:
    37                              <3>  %endif
   580 000011E0 0FB715(DB010000)    <1>     movzx edx, word [arg2]  
   581 000011E7 85D2                <1>     test edx, edx   ;Did the user give what line to stop printing on?
   582 000011E9 7508                <1>     jnz .arg2Given 
   583                              <1> ;vvvvvvvvvvvvvvvvvvvvvvvvvvvvvvvvvvvvvvvvvvvvvvvvvvvvvvvvvvvvvvvv
   584                              <1> ;Here is where the screen width is computed when we do dynamic 
   585                              <1> ; screen size stuff
   586 000011EB 89DA                <1>     mov edx, ebx
   587 000011ED 81C216000000        <1>     add edx, 22     ;Else its current line + 23
   588                              <1> ;^^^^^^^^^^^^^^^^^^^^^^^^^^^^^^^^^^^^^^^^^^^^^^^^^^^^^^^^^^^^^^^^
   589                              <1> .arg2Given:
   590 000011F3 FFC2                <1>     inc edx         ;Get that last line
   591 000011F5 4C39D2              <1>     cmp rdx, r10    ;Is it past the end of the file?
   592 000011F8 7603                <1>     jbe .okRange
   593 000011FA 4C89D2              <1>     mov rdx, r10    ;Else, use r10 as the last line
   594                              <1> .okRange:
   595 000011FD 52                  <1>     push rdx        ;Save the end line
   596 000011FE 53                  <1>     push rbx        ;and the start line
   597 000011FF 89D3                <1>     mov ebx, edx    ;Now setup the pointers to point to the last line
   598 00001201 FFCB                <1>     dec ebx         
   599 00001203 E85AF6FFFF          <1>     call findLine   ;Get the actual line number in dx and ptr in rdi
   600 00001208 668915(1E000000)    <1>     mov word [curLineNum], dx
   601 0000120F 48893D(20000000)    <1>     mov qword [curLinePtr], rdi
   602 00001216 5B                  <1>     pop rbx         ;Get back the actual start line
   603 00001217 E846F6FFFF          <1>     call findLine   ;Now find the first line!
   604 0000121C 4889FE              <1>     mov rsi, rdi    ;This is the source of the copy
   605 0000121F 5F                  <1>     pop rdi         ;Get the end line count in edi
   606 00001220 29DF                <1>     sub edi, ebx    ;Get the number of lines to print in edi
   607 00001222 E9FE030000          <1>     jmp printLines  ;Return through printLines!
   608                              <1> 
   609                              <1> ;++++++++++++++++++++++++++++++++++++++++++++++++++++++++++++++++++++++
   610                              <1> ; File IO control functions
   611                              <1> ;++++++++++++++++++++++++++++++++++++++++++++++++++++++++++++++++++++++
   612                              <1> 
   613                              <1> appendLines:
   614                              <1> ;If the file is not fully loaded in arena, allows you to load 
   615                              <1> ; the next portion into the arena. Essentially ignores the 
   616                              <1> ; input and always fills up to the 3/4 limit.
   617                              <1> ;--------------------------------------------
   618                              <1> ;Invoked by: [n]A (number of bytes to read)
   619                              <1> ;--------------------------------------------
   620 00001227 803D(D8010000)01    <1>     cmp byte [argCnt], 1
   621 0000122E 0F8591040000        <1>     jne printComErr
   622 00001234 F605(05000000)FF    <1>     test byte [eofReached], -1
   623 0000123B 0F8538010000        <1>     jnz .outEofStr   ;Print the eof reached string
   624 00001241 488B15(28000000)    <1>     mov rdx, qword [eofPtr]
   625 00001248 803D(D9010000)00    <1>     cmp byte [arg1], 0          ;Arg <> 0 means we fill the arena
   626 0000124F 7509                <1>     jne .argGiven
   627 00001251 483B15(16000000)    <1>     cmp rdx, qword [fillPtr]    ;Are we at/past the fill point?
   628                              <1>     retnb   ;Return if so!
    69                              <2> cret nb
    19                              <3> %%_base:
    20                              <3> %assign baseVar %%_base-$$
    21                              <3>  %ifdef retOff
    22                              <3>  %if (baseVar - retOff <= 126) && (baseVar > retOff)
    23                              <3>  %ifdef currSegVBase
    24                              <3>  j%+1 short (retOff+currSegVBase)
    25                              <3>  %else
    26 00001258 73(DF)              <3>  j%+1 short retOff
    27                              <3>  %endif
    28                              <3>  %else
    29                              <3>  j%-1 short %%a
    30                              <3>  return
    31                              <3> %%a:
    32                              <3>  %endif
    33                              <3>  %else
    34                              <3>  j%-1 short %%a
    35                              <3>  return
    36                              <3> %%a:
    37                              <3>  %endif
   629                              <1> .argGiven:
   630                              <1> ;rdx -> The start of the read in buffer
   631 0000125A 488B0D(30000000)    <1>     mov rcx, qword [endOfArena] ;Fill the arena
   632 00001261 4829D1              <1>     sub rcx, rdx        ;Get the number of bytes to read save one paragraph
   633 00001264 4881E910000000      <1>     sub rcx, 16         ;This is so appending CRLF's or EOF's won't segfault
   634 0000126B 0F844B040000        <1>     jz printMemErr      ;If we @ end of arena, free some space!!
   635 00001271 4989CA              <1>     mov r10, rcx        ;Use r10 to save byte count we want to read in
   636 00001274 0FB71D(3A000000)    <1>     movzx ebx, word [readHdl]
   637 0000127B B8003F0000          <1>     mov eax, 3F00h
   638 00001280 CD21                <1>     int 21h
   639 00001282 39C8                <1>     cmp eax, ecx
   640 00001284 7426                <1>     je .notEof
   641                              <1>     ;Check this is really the eof (by trying to read one more byte)
   642 00001286 50                  <1>     push rax    ;Save the byte count
   643 00001287 4801C2              <1>     add rdx, rax
   644 0000128A B901000000          <1>     mov ecx, 1
   645 0000128F B8003F0000          <1>     mov eax, 3F00h
   646 00001294 CD21                <1>     int 21h
   647 00001296 89C1                <1>     mov ecx, eax
   648 00001298 58                  <1>     pop rax     ;Get original byte count back
   649 00001299 0F8237040000        <1>     jc badReadFail
   650 0000129F 85C9                <1>     test ecx, ecx   ;Did we read bytes?
   651 000012A1 7507                <1>     jnz .notEofInc  ;If not, inc byte count!
   652 000012A3 C605(05000000)FF    <1>     mov byte [eofReached], -1   ;Else, set the flag!!
   653                              <1> .notEofInc:
   654 000012AA FFC0                <1>     inc eax
   655                              <1> .notEof:
   656 000012AC 4801C2              <1>     add rdx, rax        ;rax has the number of bytes we have read
   657 000012AF 89C1                <1>     mov ecx, eax        ;Save the byte count in ecx
   658 000012B1 488B3D(28000000)    <1>     mov rdi, qword [eofPtr] ;Point rdi to the start of the read in region
   659 000012B8 4989CB              <1>     mov r11, rcx            ;Save real byte count in r11 temporarily
   660 000012BB E8F0F5FFFF          <1>     call checkEOF
   661 000012C0 7507                <1>     jnz .noSetEof   ;Set the byte here if ZF=ZE on return
   662 000012C2 C605(05000000)FF    <1>     mov byte [eofReached], -1   ;to keep it all on the same level!
   663                              <1> .noSetEof:
   664 000012C9 0FB71D(D9010000)    <1>     movzx ebx, word [arg1]  ;Get the line number to read in to
   665 000012D0 85DB                <1>     test ebx, ebx
   666 000012D2 7521                <1>     jnz .fndLine    ;If we are searching for line 0, go to the end
   667 000012D4 4889F8              <1>     mov rax, rdi
   668 000012D7 4801C8              <1>     add rax, rcx    ;Move the the end of the text we read in
   669 000012DA 483B05(16000000)    <1>     cmp rax, qword [fillPtr]
   670 000012E1 7612                <1>     jbe .fndLine    ;If we are leq than fill point, scan for the lnnum  in bx!
   671                              <1>     ;Else we search for one line past the fillPtr at most
   672 000012E3 4889C1              <1>     mov rcx, rax
   673 000012E6 488B3D(16000000)    <1>     mov rdi, qword [fillPtr]
   674 000012ED 4829F9              <1>     sub rcx, rdi    ;Get the excess of bytes to scan for the line
   675 000012F0 BB01000000          <1>     mov ebx, 1      ;Make sure we count only 1 line!
   676                              <1> .fndLine:
   677 000012F5 31D2                <1>     xor edx, edx    ;Set the line counter to start at 0
   678 000012F7 E898F5FFFF          <1>     call findLineCore   ;Returns al = LF, rdi -> either LF or first char after ecx
   679 000012FC 3847FF              <1>     cmp byte [rdi - 1], al
   680 000012FF 742F                <1>     je .lineOk
   681                              <1> ;Here we ran out of chars to scan through
   682 00001301 F605(05000000)FF    <1>     test byte [eofReached], -1
   683 00001308 7510                <1>     jnz .findPrevLine   ;If not at EOF, and ran out of chars, go to prev line
   684                              <1>     ;Else, at EOF and ran out of chars, add a CRLF
   685 0000130A B80D0A0000          <1>     mov eax, CRLF   ;Store in the empty space pointed to by rdi
   686 0000130F 66AB                <1>     stosw    
   687 00001311 4981C302000000      <1>     add r11, 2  ;Added two more chars to the count
   688 00001318 EB16                <1>     jmp short .lineOk
   689                              <1> .findPrevLine:
   690 0000131A FFCA                <1>     dec edx     ;Remember we have to dec the line number
   691 0000131C 48FFCF              <1>     dec rdi     ;Point to the char previous to start searching at
   692 0000131F 8B0D(06000000)      <1>     mov ecx, dword [arenaSize]  ;Get the size of the allocation to search thru
   693 00001325 FD                  <1>     std
   694 00001326 F2AE                <1>     repne scasb ;Scan for the LF in al
   695 00001328 FC                  <1>     cld
   696 00001329 4881C702000000      <1>     add rdi, 2  ;Go to first char past it
   697                              <1> .lineOk:
   698 00001330 C6071A              <1>     mov byte [rdi], EOF ;Add the terminating EOF char here!
   699 00001333 4C89D9              <1>     mov rcx, r11    ;Get back the real byte count
   700 00001336 48030D(0E000000)    <1>     add rcx, qword [memPtr] ;Get ptr to last byte we actually read in
   701 0000133D 4829F9              <1>     sub rcx, rdi    ;Get the excess number of chars we added since reading in
   702 00001340 48873D(28000000)    <1>     xchg qword [eofPtr], rdi    ;Swap the old and new EOF char ptrs
   703 00001347 4801CF              <1>     add rdi, rcx    ;Adjust file ptr by amount we read in but ignored
   704 0000134A 4885FF              <1>     test rdi, rdi
   705 0000134D 741E                <1>     jz .noIgnore    ;We ignored no bytes read in, proceed
   706                              <1>     ;Else, we are at the previous line, so move file ptr there!
   707 0000134F 53                  <1>     push rbx
   708 00001350 52                  <1>     push rdx
   709 00001351 4889FA              <1>     mov rdx, rdi
   710 00001354 48B9FFFFFFFFFFFFFF- <1>     mov rcx, -1
   710 0000135D FF                  <1>
   711 0000135E B801420000          <1>     mov eax, 4201h  ;Seek from current position by the amount in dx
   712 00001363 CD21                <1>     int 21h
   713 00001365 5A                  <1>     pop rdx
   714 00001366 5B                  <1>     pop rbx
   715 00001367 0F8269030000        <1>     jc badReadFail
   716                              <1> .noIgnore:
   717 0000136D 39D3                <1>     cmp ebx, edx    ;Is the line number specified = line number we are at?
   718 0000136F 7515                <1>     jne .checkEnd
   719 00001371 C605(05000000)00    <1>     mov byte [eofReached], 0    ;Reset byte if this is the case (adding new lines)
   720                              <1>     return
    13                              <2> %%_ret:
    14 00001378 C3                  <2>  ret
    15                              <2> %assign retOff %%_ret-$$
   721                              <1> .outEofStr:
   722 00001379 488D15(47000000)    <1>     lea rdx, eofStr
   723 00001380 E808020000          <1>     call printString
   724                              <1>     return
    13                              <2> %%_ret:
    14 00001385 C3                  <2>  ret
    15                              <2> %assign retOff %%_ret-$$
   725                              <1> .checkEnd:
   726 00001386 F605(05000000)FF    <1>     test byte [eofReached], -1
   727 0000138D 75EA                <1>     jnz .outEofStr
   728 0000138F F605(64020000)FF    <1>     test byte [noAppendErr], -1 ;Ignore EOF errors on initial load!
   729                              <1>     retnz 
    45                              <2> cret nz
    19                              <3> %%_base:
    20                              <3> %assign baseVar %%_base-$$
    21                              <3>  %ifdef retOff
    22                              <3>  %if (baseVar - retOff <= 126) && (baseVar > retOff)
    23                              <3>  %ifdef currSegVBase
    24                              <3>  j%+1 short (retOff+currSegVBase)
    25                              <3>  %else
    26 00001396 75(85)              <3>  j%+1 short retOff
    27                              <3>  %endif
    28                              <3>  %else
    29                              <3>  j%-1 short %%a
    30                              <3>  return
    31                              <3> %%a:
    32                              <3>  %endif
    33                              <3>  %else
    34                              <3>  j%-1 short %%a
    35                              <3>  return
    36                              <3> %%a:
    37                              <3>  %endif
   730 00001398 E91F030000          <1>     jmp printMemErr
   731                              <1> 
   732                              <1> writeLines:
   733                              <1> ;Writes the current arena to disk. If no 
   734                              <1> ; n specified, EDLIN writes lines until
   735                              <1> ; 1/4 of the arena is free.
   736                              <1> ;--------------------------------------------
   737                              <1> ;Invoked by: [n]W (number of bytes to write)
   738                              <1> ;--------------------------------------------
   739                              <1> ;When invoked, must delete the backup if it not already deleted.
   740 0000139D 803D(D8010000)01    <1>     cmp byte [argCnt], 1
   741 000013A4 0F871B030000        <1>     ja printComErr
   742 000013AA 0FB71D(D9010000)    <1>     movzx ebx, word [arg1]
   743 000013B1 85DB                <1>     test ebx, ebx
   744 000013B3 7529                <1>     jnz .goFindLine
   745                              <1>     ;If 0, means, write everything from 1/4 onwards
   746 000013B5 8B0D(0A000000)      <1>     mov ecx, dword [freeCnt]    ;Get the count of 1/4 of the arena
   747 000013BB 488B3D(28000000)    <1>     mov rdi, qword [eofPtr]
   748 000013C2 4829CF              <1>     sub rdi, rcx    ;Move rdi back by a quarter
   749                              <1>     retbe           ;If the result is leq 0, fail (never will happen)
    81                              <2> cret be
    19                              <3> %%_base:
    20                              <3> %assign baseVar %%_base-$$
    21                              <3>  %ifdef retOff
    22                              <3>  %if (baseVar - retOff <= 126) && (baseVar > retOff)
    23                              <3>  %ifdef currSegVBase
    24                              <3>  j%+1 short (retOff+currSegVBase)
    25                              <3>  %else
    26 000013C5 76(85)              <3>  j%+1 short retOff
    27                              <3>  %endif
    28                              <3>  %else
    29                              <3>  j%-1 short %%a
    30                              <3>  return
    31                              <3> %%a:
    32                              <3>  %endif
    33                              <3>  %else
    34                              <3>  j%-1 short %%a
    35                              <3>  return
    36                              <3> %%a:
    37                              <3>  %endif
   750 000013C7 483B3D(0E000000)    <1>     cmp rdi, qword [memPtr] ;Are we pointing before the start of the arena
   751                              <1>     retbe           ;Return as we have nothing to write!
    81                              <2> cret be
    19                              <3> %%_base:
    20                              <3> %assign baseVar %%_base-$$
    21                              <3>  %ifdef retOff
    22                              <3>  %if (baseVar - retOff <= 126) && (baseVar > retOff)
    23                              <3>  %ifdef currSegVBase
    24                              <3>  j%+1 short (retOff+currSegVBase)
    25                              <3>  %else
    26 000013CE 76(85)              <3>  j%+1 short retOff
    27                              <3>  %endif
    28                              <3>  %else
    29                              <3>  j%-1 short %%a
    30                              <3>  return
    31                              <3> %%a:
    32                              <3>  %endif
    33                              <3>  %else
    34                              <3>  j%-1 short %%a
    35                              <3>  return
    36                              <3> %%a:
    37                              <3>  %endif
   752                              <1>     ;rdi now points back by a quarter
   753 000013D0 31D2                <1>     xor edx, edx    ;Init to "line 0"
   754 000013D2 BB01000000          <1>     mov ebx, 1      ;Find the end of the line we are
   755 000013D7 E8B8F4FFFF          <1>     call findLineCore
   756 000013DC EB07                <1>     jmp short .prepWrite
   757                              <1> .goFindLine:
   758 000013DE FFC3                <1>     inc ebx     ;Find line 1 (user said 0, this means 1 for us!)
   759 000013E0 E87DF4FFFF          <1>     call findLine
   760                              <1> .prepWrite:
   761 000013E5 E82AF5FFFF          <1>     call delBkup    ;Delete the backup, all regs preserved
   762 000013EA 4889F9              <1>     mov rcx, rdi    ;rdi points to up to where to do the write
   763 000013ED 488B15(0E000000)    <1>     mov rdx, qword [memPtr] ;Start writing from here
   764 000013F4 4829D1              <1>     sub rcx, rdx    ;Get the byte offset into the arena
   765 000013F7 0FB71D(3C000000)    <1>     movzx ebx, word [writeHdl]
   766 000013FE B800400000          <1>     mov eax, 4000h
   767 00001403 CD21                <1>     int 21h
   768 00001405 0F82DE020000        <1>     jc fullDiskFail
   769 0000140B 39C8                <1>     cmp eax, ecx
   770 0000140D 0F85D6020000        <1>     jne fullDiskFail
   771                              <1>     ;Now pull up the rest of the arena and reset the internal line numbers
   772 00001413 4889FE              <1>     mov rsi, rdi    ;Source chars from here
   773 00001416 488B3D(0E000000)    <1>     mov rdi, qword [memPtr]
   774 0000141D 48893D(20000000)    <1>     mov qword [curLinePtr], rdi
   775 00001424 66C705(1E000000)01- <1>     mov word [curLineNum], 1    ;Go back to line 1 again
   775 0000142C 00                  <1>
   776 0000142D 488B0D(28000000)    <1>     mov rcx, qword [eofPtr]
   777 00001434 4829F1              <1>     sub rcx, rsi    ;Get the number of bytes left in the arena to pull up
   778 00001437 FFC1                <1>     inc ecx         ;Copy the EOF marker too
   779 00001439 FC                  <1>     cld 
   780 0000143A F3A4                <1>     rep movsb
   781 0000143C 48FFCF              <1>     dec rdi         ;Go back to EOF
   782 0000143F 48893D(28000000)    <1>     mov qword [eofPtr], rdi
   783                              <1>     return
    13                              <2> %%_ret:
    14 00001446 C3                  <2>  ret
    15                              <2> %assign retOff %%_ret-$$
   784                              <1> 
   785                              <1> ;++++++++++++++++++++++++++++++++++++++++++++++++++++++++++++++++++++++
   786                              <1> ; Exit functions
   787                              <1> ;++++++++++++++++++++++++++++++++++++++++++++++++++++++++++++++++++++++
   788                              <1> 
   789                              <1> endEdit:
   790                              <1> ;Inserts a EOF char at the end of the file if one not already present
   791                              <1> ; renames the original file (if applicable) to have .bak ending and
   792                              <1> ; renames the working file to the name originally specified.
   793                              <1> ;--------------------------------------------
   794                              <1> ;Invoked by: E
   795                              <1> ;--------------------------------------------
   796 00001447 803D(D8010000)01    <1>     cmp byte [argCnt], 1
   797 0000144E 0F8571020000        <1>     jne printComErr
   798 00001454 803D(D9010000)00    <1>     cmp byte [arg1], 0
   799 0000145B 0F8564020000        <1>     jne printComErr
   800 00001461 F605(02000000)FF    <1>     test byte [roFlag], -1  ;If we are readonly, delete $$$ and quit
   801 00001468 0F85FD000000        <1>     jnz quit.roQuit
   802 0000146E C605(64020000)FF    <1>     mov byte [noAppendErr], -1  ;Suppress errors again
   803                              <1> .writeLp:
   804 00001475 BBFFFFFFFF          <1>     mov ebx, -1             ;Write out max lines
   805 0000147A E85FFFFFFF          <1>     call writeLines.goFindLine
   806 0000147F F605(05000000)FF    <1>     test byte [eofReached], -1  ;Are we at EOF yet?
   807 00001486 7517                <1>     jnz .writeDone  ;If yes, we are done writing to disk
   808 00001488 C605(D8010000)01    <1>     mov byte [argCnt], 1    ;Else we keep reading the file
   809 0000148F 66C705(D9010000)FF- <1>     mov word [arg1], -1     ;Now fill the arena with lines
   809 00001497 FF                  <1>
   810 00001498 E88AFDFFFF          <1>     call appendLines
   811 0000149D EBD6                <1>     jmp short .writeLp      ;And write them out again
   812                              <1> .writeDone:
   813 0000149F 488B15(28000000)    <1>     mov rdx, qword [eofPtr] ;Now write out the EOF char to the file
   814 000014A6 B901000000          <1>     mov ecx, 1
   815 000014AB 0FB71D(3C000000)    <1>     movzx ebx, word [writeHdl]
   816 000014B2 B800400000          <1>     mov eax, 4000h
   817 000014B7 CD21                <1>     int 21h
   818 000014B9 0FB71D(3A000000)    <1>     movzx ebx, word [readHdl]
   819 000014C0 B8003E0000          <1>     mov eax, 3E00h  ;Close the reading file!
   820 000014C5 CD21                <1>     int 21h
   821 000014C7 0FB71D(3C000000)    <1>     movzx ebx, word [writeHdl]  ;Get the write handle
   822 000014CE B8003E0000          <1>     mov eax, 3E00h  ;Close the temp file!
   823 000014D3 CD21                <1>     int 21h
   824 000014D5 F605(03000000)FF    <1>     test byte [newFileFlag], -1  ;If this is new file, skip this!
   825 000014DC 752C                <1>     jnz short .skipBkup
   826                              <1>     ;Now set the backup extension
   827 000014DE 488B3D(46010000)    <1>     mov rdi, qword [fileExtPtr]
   828 000014E5 B842414B00          <1>     mov eax, "BAK"
   829 000014EA AB                  <1>     stosd
   830                              <1> ;======NEW CODE======
   831                              <1> ;Now ensure there is no old .BAK file by deleting it. 
   832                              <1> ;If the delete fails, we proceed as normal. 
   833                              <1> ;Worst case scenario, we end up with three files, .BAK, .EXT and .$$$. 
   834                              <1> ;Deleting will always be ok, even if no .BAK file exists as del 
   835                              <1> ; will just fnf fail in this case.
   836 000014EB 488D15(BE000000)    <1>     lea rdx, bkupfile
   837 000014F2 B800410000          <1>     mov eax, 4100h
   838 000014F7 CD21                <1>     int 21h
   839 000014F9 488D3D(3E000000)    <1>     lea rdi, pathspec
   840 00001500 4887FA              <1>     xchg rdi, rdx   ;Swap, for the rename
   841                              <1> ;Note, that if the renames fail due to sharing issues (since we do close 
   842                              <1> ; the files above thus losing our flocks on them), then we retain the 
   843                              <1> ; two/three files. The presence of the .$$$ file and the original .BAK should 
   844                              <1> ; make it incredibly unlikely that someone can overwrite your work. Also,
   845                              <1> ; we're talking about a time period on the order of a matter of instructions.
   846                              <1> ;If this EVER causes a problem, sue me.
   847                              <1> ;======NEW CODE======
   848                              <1> ;======OLD CODE======
   849                              <1>     ;lea rdx, pathspec
   850                              <1>     ;lea rdi, bkupfile
   851                              <1> ;======OLD CODE======
   852 00001503 B800560000          <1>     mov eax, 5600h
   853 00001508 CD21                <1>     int 21h
   854                              <1> .skipBkup:
   855 0000150A B824242400          <1>     mov eax, "$$$"  ;Always set this as triple dollar as this is saved name!
   856 0000150F 488B3D(46010000)    <1>     mov rdi, qword [fileExtPtr]
   857 00001516 AB                  <1>     stosd
   858 00001517 488D15(BE000000)    <1>     lea rdx, bkupfile
   859 0000151E 488D3D(3E000000)    <1>     lea rdi, pathspec   ;Now name the temp file by the og name!
   860 00001525 B800560000          <1>     mov eax, 5600h
   861 0000152A CD21                <1>     int 21h
   862 0000152C 7207                <1>     jc .renameFail
   863                              <1>     retToDOS errOk ;Let DOS do cleanup of memory allocations!
    94 0000152E B8004C0000          <2>  mov eax, 04C00h | %1
    95 00001533 CD21                <2>  int 21h
   864                              <1> .renameFail:
   865                              <1>     retToDOS errBadRen
    94 00001535 B8014C0000          <2>  mov eax, 04C00h | %1
    95 0000153A CD21                <2>  int 21h
   866                              <1> 
   867                              <1> quit:
   868                              <1> ;Quits EDLIN, not saving work and deleting working file.
   869                              <1> ;--------------------------------------------
   870                              <1> ;Invoked by: Q
   871                              <1> ;--------------------------------------------
   872 0000153C 803D(02000000)FF    <1>     cmp byte [roFlag], -1   ;If the flag is clear, dont prompt, just quit.
   873 00001543 7426                <1>     je short .roQuit
   874 00001545 488D15(47020000)    <1>     lea rdx, exitQuit
   875 0000154C B800090000          <1>     mov eax, 0900h
   876 00001551 CD21                <1>     int 21h
   877 00001553 B8010C0000          <1>     mov eax, 0C01h  ;Flush input buffer and read a single char from stdin
   878 00001558 CD21                <1>     int 21h
   879 0000155A 0FB6D8              <1>     movzx ebx, al
   880 0000155D 81E3DF000000        <1>     and ebx, 0DFh    ;Convert to upper case
   881 00001563 81FB59000000        <1>     cmp ebx, "Y"
   882 00001569 752E                <1>     jne printCRLF   ;Print CRLF and return via that return instruction
   883                              <1>     ;Delete the working file
   884                              <1> .roQuit:
   885 0000156B 488B3D(46010000)    <1>     mov rdi, qword [fileExtPtr]
   886 00001572 B824242400          <1>     mov eax, "$$$"
   887 00001577 AB                  <1>     stosd
   888 00001578 488D15(BE000000)    <1>     lea rdx, wkfile
   889 0000157F B800410000          <1>     mov eax, 4100h  ;Delete the file
   890 00001584 CD21                <1>     int 21h
   891                              <1>     retToDOS errOk
    94 00001586 B8004C0000          <2>  mov eax, 04C00h | %1
    95 0000158B CD21                <2>  int 21h
    37                                  %include "./Source/edprn.asm"
     1                              <1> ;---------------------
     2                              <1> ; Print Routines here
     3                              <1> ;---------------------
     4                              <1> printString:
     5 0000158D B800090000          <1>     mov eax, 0900h
     6 00001592 CD21                <1>     int 21h
     7                              <1>     return
    13                              <2> %%_ret:
    14 00001594 C3                  <2>  ret
    15                              <2> %assign retOff %%_ret-$$
     8                              <1> ;----------------------------------------
     9                              <1> ; These functions print individual chars
    10                              <1> ;----------------------------------------
    11                              <1> printSpace:
    12 00001595 B020                <1>     mov al, SPC
    13 00001597 EB09                <1>     jmp short printChar
    14                              <1> printCRLF:
    15                              <1> ;Prints CRLF
    16 00001599 B00D                <1>     mov al, CR
    17 0000159B E802000000          <1>     call printChar
    18                              <1> printLF:
    19 000015A0 B00A                <1>     mov al, LF
    20                              <1> printChar:
    21                              <1> ;Input: al = Char to print
    22 000015A2 50                  <1>     push rax    ;To preserve the rest of eax
    23 000015A3 52                  <1>     push rdx
    24 000015A4 0FB6D0              <1>     movzx edx, al
    25 000015A7 B800020000          <1>     mov eax, 0200h
    26 000015AC CD21                <1>     int 21h
    27 000015AE 5A                  <1>     pop rdx
    28 000015AF 58                  <1>     pop rax
    29                              <1>     return
    13                              <2> %%_ret:
    14 000015B0 C3                  <2>  ret
    15                              <2> %assign retOff %%_ret-$$
    30                              <1> 
    31                              <1> ;------------------------------------------------
    32                              <1> ; These functions are specialised print routines
    33                              <1> ;------------------------------------------------
    34                              <1> printLineNum:
    35                              <1> ;Prints the line number in bx
    36                              <1> ;Input: bx = Line number to print
    37 000015B1 E8DFFFFFFF          <1>     call printSpace
    38 000015B6 E816000000          <1>     call printNum
    39 000015BB B03A                <1>     mov al, ":"
    40 000015BD E8E0FFFFFF          <1>     call printChar
    41 000015C2 663B1D(1E000000)    <1>     cmp bx, word [curLineNum]
    42 000015C9 B020                <1>     mov al, SPC
    43 000015CB 75D5                <1>     jne printChar
    44 000015CD B02A                <1>     mov al, "*"
    45 000015CF EBD1                <1>     jmp short printChar
    46                              <1> 
    47                              <1> printNum:
    48                              <1> ;Takes in bx a binary word and prints the ASCII value
    49                              <1> ; with leading blanks suppressed.
    50                              <1> ;Trashes eax, ecx and edx only
    51 000015D1 55                  <1>     push rbp
    52 000015D2 31ED                <1>     xor ebp, ebp    ;If not zero, stop suppressing leading zeros
    53 000015D4 0FB7D3              <1>     movzx edx, bx   ;Init with value in edx
    54                              <1> ;Do 10000's
    55 000015D7 B910270000          <1>     mov ecx, 10000
    56 000015DC E827000000          <1>     call .doCompute
    57                              <1> ;Do 1000's
    58 000015E1 B9E8030000          <1>     mov ecx, 1000
    59 000015E6 E81D000000          <1>     call .doCompute
    60                              <1> ;Do 100's
    61 000015EB B964000000          <1>     mov ecx, 100
    62 000015F0 E813000000          <1>     call .doCompute
    63                              <1> ;Do 10's
    64 000015F5 B90A000000          <1>     mov ecx, 10
    65 000015FA E809000000          <1>     call .doCompute
    66                              <1> ;Do 1's, mild optimisation to avoid div move the remainder directly
    67 000015FF 89D0                <1>     mov eax, edx    ;Remainder in edx
    68 00001601 E808000000          <1>     call .printDig  ;Print the value in eax
    69                              <1> ;Exit
    70 00001606 5D                  <1>     pop rbp
    71                              <1>     return
    13                              <2> %%_ret:
    14 00001607 C3                  <2>  ret
    15                              <2> %assign retOff %%_ret-$$
    72                              <1> .doCompute:
    73                              <1> ;Input: ecx = Divisor for place value
    74                              <1> ;       edx = Remainder left to divide
    75 00001608 89D0                <1>     mov eax, edx    ;Moves the prev. remainder into eax for dividing
    76 0000160A 31D2                <1>     xor edx, edx    
    77 0000160C F7F1                <1>     div ecx         
    78                              <1> .printDig:
    79                              <1> ;Now print the digit in al, the quotient. edx has the remainder
    80 0000160E 85ED                <1>     test ebp, ebp
    81 00001610 750A                <1>     jnz .pDigOk
    82 00001612 85C0                <1>     test eax, eax   ;Is ebp = 0 and value to print 0? 
    83 00001614 0F847BFFFFFF        <1>     jz printSpace   ;If so, print a space char (retz for no suppression)
    84 0000161A FFCD                <1>     dec ebp         ;Else, now set ebp and print al
    85                              <1> .pDigOk:
    86 0000161C 0430                <1>     add al, "0"     ;Convert into an ASCII value
    87 0000161E EB82                <1>     jmp short printChar   ;Return through printchar
    88                              <1> 
    89                              <1> printLine:
    90                              <1> ;Prints a single line
    91 00001620 BF01000000          <1>     mov edi, 1  ;Print a single line
    92                              <1> printLines:
    93                              <1> ;Prints many lines in EDLIN fashion. All regs trashed.
    94                              <1> ;Input:
    95                              <1> ;   bx = Line number offset to keep track of printing
    96                              <1> ;   rsi -> Ptr to start printing from
    97                              <1> ;   edi = Number of lines to print. Used as a word!
    98                              <1> ;Output:
    99                              <1> ;   bx = Last line number printed
   100 00001625 488B0D(28000000)    <1>     mov rcx, qword [eofPtr]
   101 0000162C 4829F1              <1>     sub rcx, rsi
   102                              <1>     retz    ;If we are pointing to the eofPtr, nothing to print, return
    41                              <2> cret z
    19                              <3> %%_base:
    20                              <3> %assign baseVar %%_base-$$
    21                              <3>  %ifdef retOff
    22                              <3>  %if (baseVar - retOff <= 126) && (baseVar > retOff)
    23                              <3>  %ifdef currSegVBase
    24                              <3>  j%+1 short (retOff+currSegVBase)
    25                              <3>  %else
    26 0000162F 74(07)              <3>  j%+1 short retOff
    27                              <3>  %endif
    28                              <3>  %else
    29                              <3>  j%-1 short %%a
    30                              <3>  return
    31                              <3> %%a:
    32                              <3>  %endif
    33                              <3>  %else
    34                              <3>  j%-1 short %%a
    35                              <3>  return
    36                              <3> %%a:
    37                              <3>  %endif
   103                              <1>     ;Now ecx = Number of chars to print!
   104                              <1> ;vvvvvvvvvvvvvvvvvvvvvvvvvvvvvvvvvvvvvvvvvvvvvvvvvvvvvvvvvvvvvvvv
   105                              <1> ; Get screen attribs here for controlled printing
   106 00001631 89FA                <1>     mov edx, edi    ;Save number of lines to print in edx
   107                              <1> ;^^^^^^^^^^^^^^^^^^^^^^^^^^^^^^^^^^^^^^^^^^^^^^^^^^^^^^^^^^^^^^^^
   108                              <1> .freshLine:
   109 00001633 51                  <1>     push rcx
   110 00001634 52                  <1>     push rdx
   111 00001635 E877FFFFFF          <1>     call printLineNum   ;Save ecx and edx as these are trashed!
   112 0000163A 5A                  <1>     pop rdx
   113 0000163B 59                  <1>     pop rcx
   114 0000163C 488D3D(6B030000)    <1>     lea rdi, spareLine
   115                              <1> .goLine:
   116                              <1> ;Now we read the line into the spare buffer and echo each char one by one
   117                              <1> ;ecx = Number of chars to print
   118                              <1> ;edx = Number of lines we are printing
   119 00001643 AC                  <1>     lodsb
   120 00001644 55                  <1>     push rbp
   121 00001645 488D2D(69040000)    <1>     lea rbp, spareLine + 254
   122 0000164C 4839EF              <1>     cmp rdi, rbp
   123 0000164F 5D                  <1>     pop rbp
   124 00001650 731B                <1>     jae .goDone
   125 00001652 3C20                <1>     cmp al, SPC
   126 00001654 7316                <1>     jae .store  ;If a normal char print it
   127                              <1>     ;Pick off LF, CR and TAB as special chars. Everything else is a ctrl char!
   128 00001656 3C0A                <1>     cmp al, LF 
   129 00001658 7412                <1>     je .store
   130 0000165A 3C0D                <1>     cmp al, CR
   131 0000165C 740E                <1>     je .store
   132 0000165E 3C09                <1>     cmp al, TAB
   133 00001660 740A                <1>     je .store
   134 00001662 B45E                <1>     mov ah, "^"
   135 00001664 0C40                <1>     or al, 40h  ;Convert to UC
   136 00001666 86C4                <1>     xchg al, ah
   137 00001668 66AB                <1>     stosw   ;Store the pair of chars
   138 0000166A EB01                <1>     jmp short .goDone
   139                              <1> .store:
   140 0000166C AA                  <1>     stosb
   141                              <1> .goDone:
   142 0000166D 3C0A                <1>     cmp al, LF  ;If not a line feed yet, keep going
   143 0000166F 7404                <1>     je .lfFnd   ;Else, we are done!
   144 00001671 FFC9                <1>     dec ecx     ;One less char to deal with
   145 00001673 75CE                <1>     jnz .goLine
   146                              <1> .lfFnd:
   147 00001675 FFC9                <1>     dec ecx     ;Drop the final char on the line too!
   148 00001677 807FFF0A            <1>     cmp byte [rdi - 1], LF  ;Was the last char a LF?
   149 0000167B 740C                <1>     je .okLine
   150 0000167D 807FFF0D            <1>     cmp byte [rdi - 1], CR  ;Was the last char a CR?
   151 00001681 7403                <1>     je .putLF
   152 00001683 B00D                <1>     mov al, CR
   153 00001685 AA                  <1>     stosb
   154                              <1> .putLF:
   155 00001686 B00A                <1>     mov al, LF
   156 00001688 AA                  <1>     stosb
   157                              <1> .okLine:
   158 00001689 C60700              <1>     mov byte [rdi], 0   ;Null terminate the line for printing
   159 0000168C E80C000000          <1>     call prnAsciiz  ;Print the chars in the buffer
   160 00001691 67E308              <1>     jecxz .exit     ;If we have no more chars to print, exit!
   161 00001694 FFC3                <1>     inc ebx         ;Goto next line number
   162 00001696 FFCA                <1>     dec edx         ;One less line to print!
   163 00001698 7599                <1>     jnz .freshLine  ;If this is non-zero, keep going!
   164 0000169A FFCB                <1>     dec ebx         ;We done the last line
   165                              <1> .exit:
   166                              <1>     return
    13                              <2> %%_ret:
    14 0000169C C3                  <2>  ret
    15                              <2> %assign retOff %%_ret-$$
   167                              <1> 
   168                              <1> prnAsciiz:
   169 0000169D 56                  <1>     push rsi
   170 0000169E 488D35(6B030000)    <1>     lea rsi, spareLine  ;Now print the line we just made!
   171                              <1> .pcLp:
   172 000016A5 AC                  <1>     lodsb
   173 000016A6 84C0                <1>     test al, al
   174 000016A8 7407                <1>     jz .pcExit
   175 000016AA E8F3FEFFFF          <1>     call printChar  ;Preserves dx
   176 000016AF EBF4                <1>     jmp short .pcLp
   177                              <1> .pcExit:
   178 000016B1 5E                  <1>     pop rsi
   179                              <1>     return
    13                              <2> %%_ret:
    14 000016B2 C3                  <2>  ret
    15                              <2> %assign retOff %%_ret-$$
    38                                  %include "./Source/ederr.asm"
     1                              <1> ;---------------------
     2                              <1> ; Error Routines here
     3                              <1> ;---------------------
     4                              <1> printLineNotFoundErr:
     5 000016B3 488D15(88020000)    <1>     lea rdx, badSearch
     6 000016BA EB10                <1>     jmp short printErr
     7                              <1> printMemErr:
     8 000016BC 488D15(7B010000)    <1>     lea rdx, badMemFull
     9 000016C3 EB07                <1>     jmp short printErr
    10                              <1> printComErr:
    11                              <1> ;JUMP to this procedure and it jumps back to
    12                              <1> ; the command loop resetting the stack!
    13 000016C5 488D15(58010000)    <1>     lea rdx, badInput
    14                              <1> printErr:
    15 000016CC E8BCFEFFFF          <1>     call printString
    16 000016D1 E948EDFFFF          <1>     jmp getCommand
    17                              <1> 
    18                              <1> ;The below "Fail" units are a class of Edlin terminating functions
    19                              <1> badReadFail:
    20 000016D6 488D15(21020000)    <1>     lea rdx, badRead
    21 000016DD E8ABFEFFFF          <1>     call printString
    22                              <1>     retToDOS errBadRead
    94 000016E2 B8034C0000          <2>  mov eax, 04C00h | %1
    95 000016E7 CD21                <2>  int 21h
    23                              <1> 
    24                              <1> fullDiskFail:
    25 000016E9 488D15(01020000)    <1>     lea rdx, badDskFull ;Write disk full error, but return to prompt
    26 000016F0 E898FEFFFF          <1>     call printString
    27                              <1>     retToDOS errDskFull
    94 000016F5 B8024C0000          <2>  mov eax, 04C00h | %1
    95 000016FA CD21                <2>  int 21h
    28                              <1> 
    29                              <1> charDevFail:
    30 000016FC 488D15(8D000000)    <1>     lea rdx, badFindStr
    31 00001703 E885FEFFFF          <1>     call printString
    32                              <1>     retToDOS errCharDev
    94 00001708 B8054C0000          <2>  mov eax, 04C00h | %1
    95 0000170D CD21                <2>  int 21h
    39                                  Segment .data align=1 follows=.text 
    40                                  %include "./Data/eddata.asm"
     1                              <1> ;Initialised data goes here :)
     2                              <1> 
     3                              <1> ;The following three tables are connected. Don't jiggle!
     4                              <1> cmdLetterTable:
     5 00000000 0D3B41434445494C50- <1>     db CR,";ACDEILPMQRSTW"
     5 00000009 4D5152535457        <1>
     6                              <1>     cmdLetterTableL equ $ - cmdLetterTable
     7                              <1> cmdFcnTable:
     8 0000000F (420A)              <1>     dw editLine - cmdFcnTable
     9 00000011 (420A)              <1>     dw editLine - cmdFcnTable
    10 00000013 (1812)              <1>     dw appendLines - cmdFcnTable
    11 00000015 (710D)              <1>     dw copyLines - cmdFcnTable
    12 00000017 (A90B)              <1>     dw deleteLines - cmdFcnTable
    13 00000019 (3814)              <1>     dw endEdit - cmdFcnTable
    14 0000001B (DB0A)              <1>     dw insertLine - cmdFcnTable
    15 0000001D (4711)              <1>     dw listLines - cmdFcnTable
    16 0000001F (9811)              <1>     dw pageLines - cmdFcnTable
    17 00000021 (580D)              <1>     dw moveLines - cmdFcnTable
    18 00000023 (2D15)              <1>     dw quit - cmdFcnTable
    19 00000025 (1E10)              <1>     dw replaceText - cmdFcnTable
    20 00000027 (790F)              <1>     dw searchText - cmdFcnTable
    21 00000029 (380C)              <1>     dw transferLines - cmdFcnTable
    22 0000002B (8E13)              <1>     dw writeLines - cmdFcnTable
    23                              <1> cmdRoTable:
    24                              <1> ;Byte set if we can do this command in RO mode
    25 0000002D 00                  <1>     db 0    ;Insert
    26 0000002E 00                  <1>     db 0    ;Insert
    27 0000002F FF                  <1>     db -1   ;Append
    28 00000030 00                  <1>     db 0    ;Copy
    29 00000031 00                  <1>     db 0    ;Delete
    30 00000032 00                  <1>     db 0    ;End (save changes)
    31 00000033 00                  <1>     db 0    ;Insert
    32 00000034 FF                  <1>     db -1   ;List
    33 00000035 FF                  <1>     db -1   ;Page
    34 00000036 00                  <1>     db 0    ;Move
    35 00000037 FF                  <1>     db -1   ;Quit (no save)
    36 00000038 00                  <1>     db 0    ;Replace
    37 00000039 FF                  <1>     db -1   ;Search
    38 0000003A 00                  <1>     db 0    ;Transfer 
    39 0000003B FF                  <1>     db -1   ;Write
    41                                  %include "./Data/edmsg.asm"
     1                              <1> ;Edlin Strings are in this file
     2 0000003C 4E65772066696C650D- <1> newStr  db "New file",CR,LF,"$"
     2 00000045 0A24                <1>
     3 00000047 456E64206F6620696E- <1> eofStr  db "End of input file",CR,LF,"$"    ;When EOF occurs
     3 00000050 7075742066696C650D- <1>
     3 00000059 0A24                <1>
     4 0000005B 496E76616C69642044- <1> badVerStr   db "Invalid DOS Version",CR,LF,"$"
     4 00000064 4F532056657273696F- <1>
     4 0000006D 6E0D0A24            <1>
     5 00000071 496E76616C69642044- <1> badDrvStr   db "Invalid Drive or filename",CR,LF,"$"
     5 0000007A 72697665206F722066- <1>
     5 00000083 696C656E616D650D0A- <1>
     5 0000008C 24                  <1>
     6 0000008D 46696C65206E6F7420- <1> badFindStr  db "File not found",CR,LF,"$"
     6 00000096 666F756E640D0A24    <1>
     7 0000009E 46696C65206E616D65- <1> badNameStr  db "File name must be specified",CR,LF,"$"
     7 000000A7 206D75737420626520- <1>
     7 000000B0 737065636966696564- <1>
     7 000000B9 0D0A24              <1>
     8 000000BC 43616E6E6F74206372- <1> badCreatStr db "Cannot create specified file",CR,LF,"$"
     8 000000C5 656174652073706563- <1>
     8 000000CE 69666965642066696C- <1>
     8 000000D7 650D0A24            <1>
     9 000000DB 43616E6E6F74206F70- <1> badOpenStr  db "Cannot open specified file",CR,LF,"$"
     9 000000E4 656E20737065636966- <1>
     9 000000ED 6965642066696C650D- <1>
     9 000000F6 0A24                <1>
    10 000000F8 43616E6E6F74207061- <1> badFileStr  db "Cannot parse sepcified filespec",CR,LF,"$"
    10 00000101 727365207365706369- <1>
    10 0000010A 666965642066696C65- <1>
    10 00000113 737065630D0A24      <1>
    11 0000011A 416363657373206465- <1> badBackDel  db "Access denied - Backup file not deleted",CR,LF,"$"
    11 00000123 6E696564202D204261- <1>
    11 0000012C 636B75702066696C65- <1>
    11 00000135 206E6F742064656C65- <1>
    11 0000013E 7465640D0A24        <1>
    12 00000144 496E76616C69642050- <1> badParm     db "Invalid Parameter",CR,LF,"$"
    12 0000014D 6172616D657465720D- <1>
    12 00000156 0A24                <1>
    13 00000158 456E74727920657272- <1> badInput    db "Entry error",CR,LF,"$"
    13 00000161 6F720D0A24          <1>
    14 00000166 5265616C6C6F636174- <1> badRealloc  db "Reallocation error",CR,LF,"$"
    14 0000016F 696F6E206572726F72- <1>
    14 00000178 0D0A24              <1>
    15 0000017B 0D0A496E7375666669- <1> badMemFull  db CR,LF,"Insufficient memory",CR,LF,"$"
    15 00000184 6369656E74206D656D- <1>
    15 0000018D 6F72790D0A24        <1>
    16 00000193 4E6F7420656E6F7567- <1> badMergeStr db "Not enough room to merge the entire file",CR,LF,"$"
    16 0000019C 6820726F6F6D20746F- <1>
    16 000001A5 206D65726765207468- <1>
    16 000001AE 6520656E7469726520- <1>
    16 000001B7 66696C650D0A24      <1>
    17 000001BE 43616E6E6F74206564- <1> badFileExt  db "Cannot edit .BAK file--rename file",CR,LF,"$"
    17 000001C7 6974202E42414B2066- <1>
    17 000001D0 696C652D2D72656E61- <1>
    17 000001D9 6D652066696C650D0A- <1>
    17 000001E2 24                  <1>
    18 000001E3 496E76616C6964206F- <1> badROcmd    db "Invalid operation: R/O file",CR,LF,"$"
    18 000001EC 7065726174696F6E3A- <1>
    18 000001F5 20522F4F2066696C65- <1>
    18 000001FE 0D0A24              <1>
    19 00000201 4469736B2066756C6C- <1> badDskFull  db "Disk full-- write not completed$"
    19 0000020A 2D2D20777269746520- <1>
    19 00000213 6E6F7420636F6D706C- <1>
    19 0000021C 6574656424          <1>
    20 00000221 426164207265616420- <1> badRead     db "Bad read of input file. Aborting...",CR,LF,"$"
    20 0000022A 6F6620696E70757420- <1>
    20 00000233 66696C652E2041626F- <1>
    20 0000023C 7274696E672E2E2E0D- <1>
    20 00000245 0A24                <1>
    21 00000247 41626F727420656469- <1> exitQuit    db "Abort edit (Y/N)? $"
    21 00000250 742028592F4E293F20- <1>
    21 00000259 24                  <1>
    22 0000025A 4F2E4B2E3F2024      <1> okString    db "O.K.? $"
    23 00000261 4D7573742073706563- <1> badDestStr  db "Must specify destination line number",CR,LF,"$"
    23 0000026A 696679206465737469- <1>
    23 00000273 6E6174696F6E206C69- <1>
    23 0000027C 6E65206E756D626572- <1>
    23 00000285 0D0A24              <1>
    24 00000288 4E6F7420666F756E64- <1> badSearch   db "Not found",CR,LF,"$"
    24 00000291 0D0A24              <1>
    25 00000294 4C696E6520746F6F20- <1> badLineLen  db "Line too long",CR,LF,"$"
    25 0000029D 6C6F6E670D0A24      <1>
    42                                  Segment .bss align=1 follows=.data nobits
    43                                  bssStart:
    44                                  %include "./Data/edbss.asm"
     1                              <1> ;WE SET ALL VARS TO 0 ON STARTUP!
     2                              <1> 
     3 00000000 ??                  <1> pathSep     db ?    ;Default \, Alternative /
     4 00000001 ??                  <1> switchChar  db ?    ;Default /, Alternative -
     5 00000002 ??                  <1> roFlag      db ?    ;Flag is set if file is read-only. Cannot edit the file.
     6 00000003 ??                  <1> newFileFlag db ?    ;Flag indicating the file being made is new (when set, above flag meaningless)
     7 00000004 ??                  <1> noEofChar   db ?    ;Flag is set if we are not to check for ^Z chars found in the file
     8 00000005 ??                  <1> eofReached  db ?    ;When we reach EOF for file on disk, set to -1, else 0
     9                              <1> 
    10                              <1> ;Memory Related variables
    11 00000006 ????????            <1> arenaSize   dd ?    ;Size of the arena in bytes 
    12 0000000A ????????            <1> freeCnt     dd ?    ;Count of 1/4 of the arena in bytes (for write)
    13 0000000E ????????????????    <1> memPtr      dq ?    ;Ptr to the memory arena given by DOS
    14 00000016 ????????????????    <1> fillPtr     dq ?    ;Ptr to 3/4 of the arena in bytes (for append)
    15                              <1> 
    16                              <1> ;Editor state vars!
    17 0000001E ????                <1> curLineNum  dw ?    ;Word value for the current line number (1 based)
    18 00000020 ????????????????    <1> curLinePtr  dq ?    ;Pointer to the current line
    19 00000028 ????????????????    <1> eofPtr      dq ?    ;Pointer to the EOF char in the buffer
    20 00000030 ????????????????    <1> endOfArena  dq ?    ;Ptr to the last available byte in the arena
    21                              <1> 
    22 00000038 ??                  <1> modFlag     db ?    ;Flag set to indicate the file was modified
    23                              <1> ;Backup is only deleted on exit or write, to make space for temp file.
    24 00000039 ??                  <1> bkupDel     db ?    ;Flag to indicate that the backup was deleted
    25                              <1> 
    26                              <1> ;Don't jiggle these symbols, need dword to be together for -1
    27 0000003A ????                <1> readHdl     dw ?    ;Contain the file handle for the open file
    28 0000003C ????                <1> writeHdl    dw ?    ;Handle to the temporary file
    29                              <1> 
    30 0000003E <res 80h>           <1> pathspec    db 128 dup (?)  ;Space for the 128 byte buffer for full filename
    31                              <1> wkfile:                     ;Ptr to below path for "working" file
    32 000000BE <res 80h>           <1> bkupfile    db 128 dup (?)  ;Pathspec for backup file 
    33                              <1> 
    34                              <1> tmpNamePtr:         ;Ptr to the filename in the commandtail
    35 0000013E ????????????????    <1> fileNamePtr dq ?    ;Ptr to the name portion of filespec
    36                              <1> tmpNamePtr2:        ;Ptr to the end of the command in the commandtail
    37 00000146 ????????????????    <1> fileExtPtr  dq ?    ;Ptr to the extension of the file we are editing
    38                              <1> ;The above pointers point past the dot or pathseperator
    39                              <1> ;Both file*ptr's point to elements on WKFILE not pathspec
    40                              <1> 
    41                              <1> ;Command line variables
    42 0000014E <res 82h>           <1> cmdLine     db halfLine_size dup (?)
    43                              <1> ;Arguments for parsing
    44 000001D0 ????????????????    <1> charPtr     dq ?    ;Ptr to char for continuing processing
    45 000001D8 ??                  <1> argCnt      db ?    ;Count of arguments in parsed command line
    46                              <1> ;Arguments are converted to signed words where appropriate
    47                              <1> ; and parsed into here in the order they are encountered in.
    48                              <1> ;
    49                              <1> ;Any arguments which mean 0 wrt line numbers means current line
    50                              <1> argTbl:
    51 000001D9 ????                <1> arg1        dw ?
    52 000001DB ????                <1> arg2        dw ?
    53 000001DD ????                <1> arg3        dw ?
    54 000001DF ????                <1> arg4        dw ?
    55 000001E1 ??                  <1> qmarkSet    db ?    ;Set if question mark encountered
    56 000001E2 <res 82h>           <1> argString   db halfLine_size dup (?)    ;Used by search and replace only
    57                              <1> 
    58 00000264 ??                  <1> noAppendErr db ?    ;Special init var, prevents append errors for initial load
    59                              <1> 
    60                              <1> ;The workline gets preloaded with the original line before editing
    61 00000265 <res 102h>          <1> workLine    db 258 dup (?)  ;Line in which all editing takes place
    62 00000367 ????????            <1> workLen     dd ?            ;Line length before edit
    63 0000036B <res 102h>          <1> spareLine   db 258 dup (?)  ;Spare editing line
    64                              <1> ;Transfer Vars
    65 0000046D <res 80h>           <1> xfrName     db 128 dup (?)  ;Transfer name buffer
    66 000004ED ????                <1> xfrHdl      dw ?
    67                              <1> ;Block vars
    68 000004EF ??                  <1> movCpFlg    db ?    ;Set if move, clear if copy
    69 000004F0 ????????????????    <1> blkPtrSrc   dq ?    ;Ptr to the line which starts the copy
    70 000004F8 ????????????????    <1> blkPtrEnd   dq ?    ;Ptr to the line after the range we will copy
    71 00000500 ????????????????    <1> cpyPtrDest  dq ?    ;Ptr to the line we will be copying to
    72 00000508 ????????            <1> blkSize     dd ?    ;This is the size of the unit to move (cpySize)
    73 0000050C ????????            <1> copySize    dd ?    ;This is the number of bytes we will copy (cpyLen)
    74                              <1> ;Search/Replace vars
    75 00000510 ??                  <1> srchMode    db ?    ;Set = Find from current line + 1, clear = line 1
    76                              <1> ;Find common vars
    77 00000511 ??                  <1> findMod     db ?    ;Set = Search, Clear = Replace
    78 00000512 ??                  <1> keepOld     db ?    ;Set = Keep old data. Clear = Clear old data (search/rep)
    79 00000513 ????                <1> fndLenOld   dw ?    ;Length of find string 
    80 00000515 ????                <1> fndLenNew   dw ?    ;New string length! 
    81 00000517 ????????????????    <1> fndStrPtr   dq ?    ;[DOS LSTFND] Ptr to the start of the last found string
    82 0000051F ????????????????    <1> fndLinePtr  dq ?    ;[DOS NUMPOS] Ptr to the start of the last found line
    83 00000527 ????                <1> fndLineNum  dw ?    ;[DOS LSTNUM] Line number of the last found line
    84 00000529 ????????            <1> fndSrchLen  dd ?    ;Number of bytes we are searching through!
    85 0000052D <res 81h>           <1> fndString1  db 81h dup (?)  ;1 for string length prefix + 128 for the string
    86 000005AE <res 81h>           <1> fndString2  db 81h dup (?)
    45                                  bssLen equ ($ - bssStart)
    46                                  Segment .stack align=16 follows=.bss nobits
    47                                  ;Use a 200 QWORD stack
    48 00000000 <res 640h>                  dq 200 dup (?)
    49                                  stackTop:
    50                                  endOfProgram:   ;Deallocate from here
    50          ------------------       info: assembly required 1+5+2 passes

